pair,missed_cov_plus_0.45_fn_over_nbond,missed_p99_plus_0.05_fn_over_nbond,spurious_cov_plus_0.45_fp_over_nnonbond,spurious_p99_plus_0.05_fp_over_nnonbond
Ag-As,0/53,0/53,0/7,0/7
Ag-B,1/9,0/9,0/186,0/186
Ag-Br,2/59,0/59,0/52,1/52
Ag-C,40/626,0/626,0/45060,25/45060
Ag-Cl,2/161,0/161,0/463,0/463
Ag-F,6/6,0/6,0/2371,0/2371
Ag-H,2/3,0/3,1/47445,1/47445
Ag-I,2/24,0/24,0/19,0/19
Ag-N,61/1623,0/1623,0/3021,7/3021
Ag-O,201/601,0/601,0/3028,48/3028
Ag-P,1/910,5/910,0/210,0/210
Ag-S,10/408,0/408,0/379,0/379
Ag-Se,0/45,0/45,0/3,0/3
Ag-Si,0/6,0/6,0/55,0/55
Au-As,0/30,1/30,0/7,0/7
Au-B,1/42,0/42,0/305,0/305
Au-Br,0/276,2/276,0/112,0/112
Au-C,0/2621,0/2621,1/82830,0/82830
Au-Cl,5/1662,12/1662,0/1157,0/1157
Au-D,0/0,,0/10,
Au-F,0/9,0/9,0/4107,0/4107
Au-H,0/1,0/1,0/92294,0/92294
Au-I,0/132,2/132,0/92,0/92
Au-N,6/1031,6/1031,0/5234,0/5234
Au-O,3/161,2/161,0/3125,0/3125
Au-P,1/1549,5/1549,0/429,0/429
Au-S,6/687,7/687,0/684,0/684
Au-Se,0/62,0/62,0/19,0/19
Au-Si,0/12,0/12,0/151,0/151
Cd-B,0/0,,0/52,
Cd-Br,0/201,0/201,0/46,0/46
Cd-C,4/53,0/53,0/36526,140/36526
Cd-Cl,0/442,1/442,0/260,0/260
Cd-F,0/1,0/1,0/220,0/220
Cd-H,0/2,0/2,8/39741,0/39741
Cd-I,1/351,2/351,0/11,0/11
Cd-N,96/4096,30/4096,0/4179,0/4179
Cd-O,316/2859,0/2859,0/3590,8/3590
Cd-P,0/17,0/17,0/78,0/78
Cd-S,6/708,5/708,0/574,2/574
Cd-Se,0/40,0/40,0/9,0/9
Cd-Si,0/4,0/4,0/69,0/69
Co-As,0/36,1/36,1/14,1/14
Co-B,0/198,2/198,1/527,1/527
Co-Br,0/83,0/83,0/156,0/156
Co-C,0/3963,11/3963,78/68985,3/68985
Co-Cl,0/369,4/369,0/908,0/908
Co-D,0/0,,0/1,
Co-F,0/4,0/4,0/2185,0/2185
Co-H,0/81,0/81,4/90143,3/90143
Co-I,0/140,0/140,0/62,0/62
Co-N,0/7930,36/7930,2/3225,0/3225
Co-O,2/2179,15/2179,0/7857,0/7857
Co-P,0/1359,2/1359,6/223,1/223
Co-S,0/765,2/765,3/440,0/440
Co-Se,0/33,0/33,0/18,0/18
Co-Si,0/72,0/72,4/108,1/108
Cr-As,0/20,0/20,0/6,0/6
Cr-B,0/40,0/40,9/114,9/114
Cr-Br,0/12,0/12,0/18,0/18
Cr-C,0/10829,30/10829,36/29960,8/29960
Cr-Cl,0/155,2/155,2/173,0/173
Cr-D,0/0,,0/12,
Cr-F,0/2,0/2,0/377,0/377
Cr-H,0/34,0/34,6/45994,6/45994
Cr-I,0/23,0/23,0/8,0/8
Cr-N,0/1022,4/1022,0/1202,0/1202
Cr-O,0/268,0/268,0/6993,0/6993
Cr-P,0/507,0/507,2/173,0/173
Cr-S,0/94,0/94,3/156,0/156
Cr-Se,0/10,0/10,0/6,0/6
Cr-Si,0/16,0/16,11/371,2/371
Cu-As,0/20,0/20,0/0,0/0
Cu-B,1/26,1/26,14/500,15/500
Cu-Br,0/302,1/302,0/121,0/121
Cu-C,34/1070,0/1070,2/105260,42/105260
Cu-Cl,2/494,2/494,0/1321,0/1321
Cu-D,0/0,,0/6,
Cu-F,6/14,0/14,0/5413,1/5413
Cu-H,0/43,0/43,1/110171,9/110171
Cu-I,0/287,0/287,0/82,0/82
Cu-N,46/4655,42/4655,0/5141,0/5141
Cu-O,92/710,0/710,0/3836,20/3836
Cu-P,0/2544,7/2544,4/567,0/567
Cu-S,5/919,9/919,0/486,0/486
Cu-Se,2/71,0/71,0/4,0/4
Cu-Si,0/15,0/15,8/132,0/132
Fe-As,0/18,0/18,0/4,0/4
Fe-B,0/118,0/118,41/708,28/708
Fe-Br,0/202,2/202,0/80,0/80
Fe-C,0/11973,94/11973,115/114579,14/114579
Fe-Cl,0/1043,4/1043,1/993,0/993
Fe-D,0/0,,0/7,
Fe-F,0/6,0/6,2/3241,0/3241
Fe-H,0/296,3/296,54/148290,3/148290
Fe-I,0/95,0/95,0/43,0/43
Fe-N,0/7590,17/7590,20/5232,0/5232
Fe-O,0/1557,7/1557,18/8914,0/8914
Fe-P,0/2545,4/2545,10/416,0/416
Fe-S,0/651,3/651,8/946,1/946
Fe-Se,0/24,0/24,0/61,0/61
Fe-Si,0/210,1/210,132/741,8/741
Hf-As,0/4,0/4,5/5,2/5
Hf-B,0/13,0/13,5/48,4/48
Hf-Br,0/8,0/8,0/16,0/16
Hf-C,0/2295,0/2295,147/13841,70/13841
Hf-Cl,0/357,1/357,0/69,0/69
Hf-D,0/0,,0/12,
Hf-F,0/13,0/13,2/204,0/204
Hf-H,0/6,0/6,8/21151,2/21151
Hf-I,0/20,0/20,0/3,0/3
Hf-N,0/860,3/860,3/188,0/188
Hf-O,0/369,0/369,0/136,0/136
Hf-P,0/56,1/56,19/45,8/45
Hf-S,0/39,0/39,1/11,1/11
Hf-Se,0/4,0/4,0/0,0/0
Hf-Si,0/20,0/20,73/295,6/295
Hg-As,0/2,0/2,0/0,0/0
Hg-B,4/7,0/7,0/70,0/70
Hg-Br,1/266,0/266,0/30,0/30
Hg-C,9/263,0/263,0/19608,29/19608
Hg-Cl,4/465,0/465,0/132,0/132
Hg-F,2/2,0/2,0/230,0/230
Hg-H,0/0,,2/21186,
Hg-I,0/275,0/275,0/8,0/8
Hg-N,483/1202,0/1202,0/1879,10/1879
Hg-O,474/530,0/530,0/1071,18/1071
Hg-P,7/93,0/93,0/81,2/81
Hg-S,60/597,0/597,0/225,16/225
Hg-Se,0/74,0/74,0/8,2/8
Hg-Si,0/13,0/13,0/104,0/104
Hg-Te,0/0,,0/1,
Ir-As,0/10,0/10,0/4,0/4
Ir-B,0/153,0/153,13/698,10/698
Ir-Br,0/95,0/95,0/99,0/99
Ir-C,0/13575,32/13575,36/117217,4/117217
Ir-Cl,0/1738,3/1738,1/2040,0/2040
Ir-D,0/0,,0/58,
Ir-F,0/8,0/8,0/7521,0/7521
Ir-H,0/752,2/752,24/144039,13/144039
Ir-I,0/216,0/216,0/42,0/42
Ir-N,0/5300,20/5300,1/4547,0/4547
Ir-O,0/1199,2/1199,2/4877,0/4877
Ir-P,0/2716,9/2716,6/661,0/661
Ir-S,0/373,3/373,2/645,0/645
Ir-Se,0/35,0/35,0/8,0/8
Ir-Si,0/126,0/126,3/82,0/82
La-B,0/3,0/3,4/7,3/7
La-Br,0/6,0/6,0/0,0/0
La-C,0/257,0/257,35/1955,12/1955
La-Cl,0/22,0/22,0/10,0/10
La-F,0/0,,0/45,
La-H,0/8,0/8,9/2893,0/2893
La-I,0/24,0/24,0/6,0/6
La-N,0/216,0/216,89/225,0/225
La-O,0/423,0/423,0/200,0/200
La-P,0/2,0/2,2/10,0/10
La-S,0/12,0/12,1/15,0/15
La-Se,0/4,0/4,0/0,0/0
La-Si,0/0,,7/15,
Mn-As,0/1,0/1,1/6,0/6
Mn-B,0/47,1/47,35/231,22/231
Mn-Br,0/224,1/224,0/219,0/219
Mn-C,0/5851,44/5851,131/36553,3/36553
Mn-Cl,0/166,2/166,1/528,0/528
Mn-D,0/0,,0/6,
Mn-F,0/34,1/34,0/1192,0/1192
Mn-H,0/102,0/102,25/43458,0/43458
Mn-I,0/15,0/15,1/42,0/42
Mn-N,0/2759,5/2759,18/1600,0/1600
Mn-O,0/1560,4/1560,7/5654,0/5654
Mn-P,0/586,2/586,3/153,0/153
Mn-S,0/144,1/144,2/241,0/241
Mn-Se,0/22,0/22,0/7,0/7
Mn-Si,0/20,0/20,16/83,7/83
Mo-As,0/37,0/37,0/6,0/6
Mo-B,0/74,0/74,17/457,10/457
Mo-Br,0/112,0/112,1/112,0/112
Mo-C,0/10866,36/10866,83/78232,20/78232
Mo-Cl,0/625,4/625,1/634,0/634
Mo-D,0/0,,0/12,
Mo-F,0/31,0/31,1/2789,0/2789
Mo-H,0/171,0/171,22/104040,15/104040
Mo-I,0/117,0/117,0/56,0/56
Mo-N,0/4093,8/4093,0/3384,0/3384
Mo-O,0/4608,12/4608,0/6850,0/6850
Mo-P,0/1997,7/1997,11/324,2/324
Mo-S,0/1094,4/1094,2/484,0/484
Mo-Se,0/38,0/38,0/10,0/10
Mo-Si,0/60,0/60,26/388,6/388
Nb-As,0/1,0/1,0/0,0/0
Nb-B,0/0,0/0,3/48,2/48
Nb-Br,0/4,0/4,0/6,0/6
Nb-C,0/1439,0/1439,51/11716,26/11716
Nb-Cl,0/401,0/401,0/45,0/45
Nb-F,0/27,0/27,0/194,0/194
Nb-H,0/29,0/29,7/17965,4/17965
Nb-I,0/6,0/6,0/6,0/6
Nb-N,0/747,4/747,0/274,0/274
Nb-O,0/352,0/352,0/186,0/186
Nb-P,0/102,0/102,2/35,2/35
Nb-S,0/101,0/101,0/13,0/13
Nb-Se,0/2,0/2,0/0,0/0
Nb-Si,0/17,0/17,12/156,1/156
Ni-As,0/18,1/18,6/14,6/14
Ni-B,3/99,1/99,11/639,15/639
Ni-Br,2/1252,9/1252,0/449,0/449
Ni-C,60/4957,41/4957,30/242890,63/242890
Ni-Cl,4/1532,9/1532,0/2333,0/2333
Ni-D,0/0,,0/64,
Ni-F,0/44,0/44,0/4276,0/4276
Ni-H,6/97,1/97,11/289161,35/289161
Ni-I,1/201,2/201,0/148,0/148
Ni-N,27/17800,100/17800,2/12633,0/12633
Ni-O,67/8260,65/8260,0/14326,0/14326
Ni-P,3/4166,32/4166,32/746,6/746
Ni-S,10/3218,17/3218,8/2262,2/2262
Ni-Se,0/77,0/77,0/22,0/22
Ni-Si,1/107,1/107,20/387,5/387
Os-As,0/9,0/9,0/9,0/9
Os-B,0/57,0/57,4/222,4/222
Os-Br,0/84,1/84,0/23,0/23
Os-C,0/2569,8/2569,13/37473,1/37473
Os-Cl,0/756,1/756,1/750,0/750
Os-D,0/0,,0/5,
Os-F,0/8,0/8,0/1813,0/1813
Os-H,0/420,2/420,7/43715,5/43715
Os-I,0/43,0/43,0/8,0/8
Os-N,0/1352,7/1352,1/752,0/752
Os-O,0/497,2/497,0/1381,0/1381
Os-P,0/1278,1/1278,2/261,0/261
Os-S,0/226,0/226,1/154,0/154
Os-Se,0/9,0/9,0/1,0/1
Os-Si,0/21,0/21,0/45,0/45
Pd-As,0/164,0/164,1/4,1/4
Pd-B,4/62,0/62,3/507,3/507
Pd-Br,1/1211,5/1211,0/258,0/258
Pd-C,31/6874,39/6874,22/242691,14/242691
Pd-Cl,1/6357,15/6357,0/4129,0/4129
Pd-D,0/0,,0/105,
Pd-F,1/38,0/38,0/5976,0/5976
Pd-H,1/37,0/37,31/278611,53/278611
Pd-I,0/857,3/857,0/117,0/117
Pd-N,6/9798,27/9798,0/10997,0/10997
Pd-O,4/2592,12/2592,0/12273,0/12273
Pd-P,0/5604,10/5604,27/772,0/772
Pd-S,6/1855,12/1855,18/1320,0/1320
Pd-Se,1/160,1/160,1/14,0/14
Pd-Si,0/77,1/77,6/282,1/282
Pt-As,0/139,1/139,0/17,0/17
Pt-B,3/216,0/216,2/524,2/524
Pt-Br,0/594,0/594,0/207,0/207
Pt-C,8/6616,21/6616,5/174699,1/174699
Pt-Cl,2/4620,10/4620,0/2926,0/2926
Pt-D,0/0,,0/65,
Pt-F,0/36,0/36,0/5793,0/5793
Pt-H,4/93,0/93,6/203467,30/203467
Pt-I,2/736,6/736,0/136,0/136
Pt-N,1/7698,14/7698,0/7022,0/7022
Pt-O,0/1688,6/1688,0/8872,0/8872
Pt-P,0/4893,3/4893,6/468,0/468
Pt-S,2/1723,10/1723,2/958,0/958
Pt-Se,0/173,0/173,1/13,0/13
Pt-Si,0/147,0/147,1/345,0/345
Re-As,0/37,0/37,0/10,0/10
Re-B,0/45,0/45,8/300,3/300
Re-Br,0/647,1/647,0/149,0/149
Re-C,0/8737,21/8737,27/79499,1/79499
Re-Cl,0/1536,4/1536,1/1023,0/1023
Re-D,0/0,,0/25,
Re-F,0/8,0/8,0/2797,0/2797
Re-H,0/211,0/211,3/87048,1/87048
Re-I,0/95,1/95,0/42,0/42
Re-N,0/5362,27/5362,7/3769,0/3769
Re-O,0/2260,9/2260,1/9776,0/9776
Re-P,0/1747,2/1747,0/377,0/377
Re-S,0/1063,2/1063,0/596,0/596
Re-Se,0/38,0/38,0/6,0/6
Re-Si,0/8,0/8,0/88,0/88
Rh-As,0/26,0/26,0/2,0/2
Rh-B,0/308,0/308,24/1120,24/1120
Rh-Br,0/110,0/110,0/73,0/73
Rh-C,9/11057,57/11057,31/102573,6/102573
Rh-Cl,0/2021,4/2021,0/1637,0/1637
Rh-D,0/0,,0/37,
Rh-F,0/23,0/23,0/5218,0/5218
Rh-H,1/264,1/264,11/133274,13/133274
Rh-I,0/271,1/271,0/49,0/49
Rh-N,3/3171,10/3171,0/3979,0/3979
Rh-O,0/930,9/930,0/4556,0/4556
Rh-P,0/3257,11/3257,9/491,0/491
Rh-S,0/503,3/503,5/364,0/364
Rh-Se,0/36,0/36,0/2,0/2
Rh-Si,0/103,1/103,6/102,2/102
Ru-As,0/113,0/113,0/4,0/4
Ru-B,0/283,0/283,70/1133,58/1133
Ru-Br,0/210,0/210,0/171,0/171
Ru-C,0/26560,102/26560,116/238422,11/238422
Ru-Cl,0/6136,12/6136,1/3861,0/3861
Ru-D,0/0,,0/78,
Ru-F,0/33,0/33,0/10366,0/10366
Ru-H,0/1044,4/1044,35/288734,19/288734
Ru-I,0/226,2/226,0/142,0/142
Ru-N,0/10462,33/10462,4/8593,0/8593
Ru-O,0/2607,6/2607,2/11693,0/11693
Ru-P,0/7266,17/7266,28/1469,0/1469
Ru-S,0/2125,3/2125,8/1040,0/1040
Ru-Se,0/69,0/69,0/15,0/15
Ru-Si,0/188,0/188,23/221,19/221
Sc-As,0/0,,0/7,
Sc-B,0/3,0/3,18/45,9/45
Sc-Br,0/15,0/15,0/3,0/3
Sc-C,0/924,0/924,193/14121,82/14121
Sc-Cl,0/91,0/91,0/13,0/13
Sc-F,0/16,0/16,1/242,0/242
Sc-H,0/11,0/11,45/21466,5/21466
Sc-I,0/10,0/10,0/0,0/0
Sc-N,0/807,0/807,27/275,0/275
Sc-O,0/431,1/431,2/214,0/214
Sc-P,0/61,0/61,28/75,9/75
Sc-S,0/23,0/23,1/25,0/25
Sc-Se,0/2,0/2,0/0,0/0
Sc-Si,0/0,,61/374,
Ta-As,0/0,,0/1,
Ta-B,0/14,0/14,11/73,4/73
Ta-Br,0/21,0/21,0/4,0/4
Ta-C,0/2069,0/2069,163/16822,40/16822
Ta-Cl,0/664,1/664,0/79,0/79
Ta-D,0/0,,0/6,
Ta-F,0/40,0/40,0/358,0/358
Ta-H,0/47,0/47,24/26615,6/26615
Ta-I,0/3,0/3,0/1,0/1
Ta-N,0/1105,4/1105,9/307,0/307
Ta-O,0/539,3/539,0/188,0/188
Ta-P,0/148,0/148,8/40,4/40
Ta-S,0/89,0/89,1/24,0/24
Ta-Se,0/5,0/5,0/0,0/0
Ta-Si,0/12,0/12,23/244,5/244
Tc-As,0/6,0/6,0/5,0/5
Tc-B,0/0,,1/32,
Tc-Br,0/21,0/21,0/7,0/7
Tc-C,0/296,0/296,0/6593,0/6593
Tc-Cl,0/134,0/134,0/65,0/65
Tc-F,0/1,0/1,0/177,0/177
Tc-H,0/5,0/5,0/7647,0/7647
Tc-I,0/2,0/2,0/4,0/4
Tc-N,0/387,3/387,0/248,0/248
Tc-O,0/184,1/184,2/424,0/424
Tc-P,0/219,0/219,0/34,0/34
Tc-S,0/200,2/200,1/24,0/24
Tc-Se,0/6,0/6,0/0,0/0
Tc-Si,0/0,,0/4,
Ti-As,0/10,0/10,6/11,4/11
Ti-B,0/14,0/14,31/157,30/157
Ti-Br,0/75,0/75,0/48,0/48
Ti-C,0/11185,11/11185,533/67857,298/67857
Ti-Cl,0/2522,2/2522,1/499,0/499
Ti-D,0/0,,0/33,
Ti-F,0/88,1/88,0/1759,0/1759
Ti-H,0/57,0/57,49/100617,22/100617
Ti-I,0/30,0/30,0/8,0/8
Ti-N,0/4187,19/4187,8/1187,0/1187
Ti-O,0/2854,11/2854,1/993,0/993
Ti-P,0/217,2/217,49/248,19/248
Ti-S,0/283,2/283,34/242,27/242
Ti-Se,0/32,0/32,0/9,0/9
Ti-Si,0/3,0/3,197/830,8/830
V-As,0/1,0/1,0/3,0/3
V-B,0/3,0/3,5/55,5/55
V-Br,0/13,0/13,0/82,0/82
V-C,0/798,0/798,56/26062,3/26062
V-Cl,0/362,0/362,0/187,0/187
V-F,0/14,0/14,0/435,0/435
V-H,0/10,0/10,18/32834,3/32834
V-I,0/7,0/7,0/12,0/12
V-N,0/1866,1/1866,7/1214,0/1214
V-O,0/3347,4/3347,8/1149,0/1149
V-P,0/157,1/157,8/50,1/50
V-S,0/170,1/170,0/62,0/62
V-Se,0/3,0/3,0/0,0/0
V-Si,0/1,0/1,27/208,0/208
W-As,0/16,0/16,1/11,1/11
W-B,0/36,0/36,9/383,7/383
W-Br,0/105,0/105,1/39,0/39
W-C,0/11555,0/11555,145/61317,24/61317
W-Cl,0/709,1/709,0/535,0/535
W-D,0/0,,0/11,
W-F,0/125,0/125,1/1832,0/1832
W-H,0/150,0/150,29/83787,1/83787
W-I,0/158,1/158,0/29,0/29
W-N,0/2394,5/2394,11/2491,0/2491
W-O,0/1376,6/1376,2/8627,0/8627
W-P,0/1852,3/1852,9/295,2/295
W-S,0/708,6/708,0/283,0/283
W-Se,0/53,0/53,0/22,0/22
W-Si,0/62,0/62,17/631,2/631
Y-As,0/0,,0/5,
Y-B,0/13,0/13,27/108,27/108
Y-Br,0/9,0/9,0/15,0/15
Y-C,0/1957,0/1957,292/24474,192/24474
Y-Cl,0/123,0/123,0/47,0/47
Y-D,0/0,,0/12,
Y-F,0/5,0/5,0/264,0/264
Y-H,0/74,0/74,75/37654,38/37654
Y-I,0/37,0/37,0/9,0/9
Y-N,0/1774,8/1774,103/781,1/781
Y-O,0/1318,5/1318,1/477,0/477
Y-P,0/47,0/47,68/142,48/142
Y-S,0/44,0/44,0/84,0/84
Y-Se,0/14,0/14,0/0,0/0
Y-Si,0/3,0/3,270/755,65/755
Zn-As,0/5,0/5,0/0,0/0
Zn-B,0/6,0/6,9/471,7/471
Zn-Br,0/774,7/774,0/421,0/421
Zn-C,22/663,1/663,2/162610,166/162610
Zn-Cl,2/2664,21/2664,0/1431,0/1431
Zn-D,0/0,,0/13,
Zn-F,4/13,0/13,0/2347,0/2347
Zn-H,4/39,0/39,3/177799,9/177799
Zn-I,0/457,1/457,0/109,0/109
Zn-N,210/15006,98/15006,0/12036,0/12036
Zn-O,396/7643,0/7643,0/11514,13/11514
Zn-P,2/108,0/108,5/322,14/322
Zn-S,40/1557,13/1557,0/1760,7/1760
Zn-Se,0/75,0/75,0/43,0/43
Zn-Si,0/26,0/26,6/436,0/436
Zr-As,0/18,0/18,4/11,0/11
Zr-B,0/50,0/50,68/362,58/362
Zr-Br,0/58,0/58,0/25,0/25
Zr-C,0/15140,0/15140,729/57826,342/57826
Zr-Cl,0/1785,5/1785,0/223,0/223
Zr-D,0/0,,0/84,
Zr-F,0/61,1/61,0/1736,0/1736
Zr-H,0/112,0/112,96/92765,23/92765
Zr-I,0/62,0/62,0/9,0/9
Zr-N,0/3197,16/3197,12/794,0/794
Zr-O,0/1388,8/1388,2/555,0/555
Zr-P,0/267,0/267,55/249,21/249
Zr-S,0/108,0/108,6/98,3/98
Zr-Se,0/16,0/16,0/4,0/4
Zr-Si,0/23,0/23,375/1288,16/1288
