IDs,bucket,metal,ox,n_atoms,cov_c,dat_c,si,het,err,stage,exc
ABEJAS,cyclometalated_CN_etc,Rh,3,83,2,0,0,I1P2,ArgumentError,fix_equivalent_Os,ArgumentError
ANEBIF,M_Si,Ir,3,72,0,0,1,Br1P2,ArgumentError,F_untraced,ArgumentError
ANECIG,M_Si,Ir,3,78,0,0,1,O1P2,ArgumentError,F_untraced,ArgumentError
ANECOM,cyclometalated_CN_etc,Ir,3,76,1,0,1,Cl1P2,ArgumentError,F_untraced,ArgumentError
APUGIC,cyclometalated_CN_etc,Ir,3,77,2,0,0,N3P1,ArgumentError,fix_equivalent_Os,ArgumentError
ATOSUY,haptic_eta,Ru,2,84,1,5,0,N1P1,AttributeError,F_untraced,AttributeError
AXEQUP,haptic_eta,Re,1,51,1,6,0,P1,ArgumentError,fix_equivalent_Os,ArgumentError
AXEREA,haptic_eta,Re,3,57,2,7,0,P1,ArgumentError,fix_equivalent_Os,ArgumentError
AYOXER,haptic_eta,Os,4,72,1,4,0,P2,ArgumentError,fix_equivalent_Os,ArgumentError
AYOXIV,haptic_eta,Os,2,71,1,4,0,Cl1P2,ArgumentError,fix_equivalent_Os,ArgumentError
BEGFOL,no_MC,Cu,3,82,0,0,0,Cl2P1,AttributeError,F_untraced,AttributeError
BENPAL,cyclometalated_CN_etc,Mo,4,22,2,5,0,N1O2,KekulizeException,fix_equivalent_Os,KekulizeException
BOCZAU,cyclometalated_CN_etc,W,4,66,1,0,0,Cl2P3,ArgumentError,F_untraced,ArgumentError
BOLDOW,no_MC,Ni,2,75,0,0,0,Cl1N1P2,ArgumentError,fix_equivalent_Os,ArgumentError
BOQTIL,no_MC,Hg,2,69,0,0,0,Cl3P1,ArgumentError,F_untraced,ArgumentError
BOQTOR,no_MC,Hg,2,69,0,0,0,Br1Cl2P1,ArgumentError,F_untraced,ArgumentError
BOQTUX,no_MC,Hg,2,69,0,0,0,Br3P1,ArgumentError,F_untraced,ArgumentError
BOQVAF,no_MC,Hg,2,69,0,0,0,Br2I1P1,ArgumentError,F_untraced,ArgumentError
BUNFEW,no_MC,Zr,4,77,0,0,0,N4P2,ArgumentError,fix_equivalent_Os,ArgumentError
CAJPUY,cyclometalated_CN_etc,Zr,4,78,1,0,0,Cl1N2P1,ArgumentError,fix_equivalent_Os,ArgumentError
CASWIC,no_MC,Ni,0,42,0,0,0,N3O1,AttributeError,F_untraced,AttributeError
CAWSAU,cyclometalated_CN_etc,Mo,2,64,1,2,0,N3,AttributeError,F_untraced,AttributeError
CAWYUX,other_MC,Mn,1,67,0,2,0,N1P2,ArgumentError,fix_equivalent_Os,ArgumentError
CEDMED,haptic_eta,Mo,0,56,1,8,0,,AttributeError,F_untraced,AttributeError
CEJBEZ,haptic_eta,Rh,3,75,1,4,0,Cl2P1,ArgumentError,fix_equivalent_Os,ArgumentError
CIGJIN,no_MC,Zn,2,78,0,0,0,N3O3,KekulizeException,fix_equivalent_Os,KekulizeException
CODXID,cyclometalated_CN_etc,Ni,2,83,1,0,0,N1P2,ArgumentError,fix_equivalent_Os,ArgumentError
COFWUP,other_MC,Ni,0,67,0,2,0,Cl1P1,AttributeError,F_untraced,AttributeError
DACPOO,no_MC,Ni,2,49,0,0,0,N4,KekulizeException,fix_equivalent_Os,KekulizeException
DAJDAT,cyclometalated_CN_etc,Mn,1,47,1,4,0,P1,ArgumentError,fix_equivalent_Os,ArgumentError
DAJSAJ,other_MC,Ir,1,63,0,4,0,N1P1,ArgumentError,fix_equivalent_Os,ArgumentError
DALLIN,haptic_eta,Mn,1,58,1,8,0,,AttributeError,F_untraced,AttributeError
DAVQIA,haptic_eta,Ru,2,77,1,4,0,Cl1P2,ArgumentError,fix_equivalent_Os,ArgumentError
DIGMIS,cyclometalated_CN_etc,Pd,2,72,1,0,0,O1P2,ArgumentError,F_untraced,ArgumentError
DIVVEM,no_MC,W,6,85,0,0,0,N4P1,ArgumentError,fix_equivalent_Os,ArgumentError
DIVVIQ,no_MC,Mo,6,73,0,0,0,N4P1,ArgumentError,fix_equivalent_Os,ArgumentError
DIVVOW,no_MC,W,6,73,0,0,0,N4P1,ArgumentError,fix_equivalent_Os,ArgumentError
DOGGEM,no_MC,Zr,4,84,0,0,0,As1N3,ArgumentError,fix_equivalent_Os,ArgumentError
DOGGIQ,no_MC,Zr,4,85,0,0,0,As1N3,ArgumentError,fix_equivalent_Os,ArgumentError
DORHEY,haptic_eta,Fe,2,62,1,6,0,P1,ArgumentError,fix_equivalent_Os,ArgumentError
DOTMOQ,no_MC,Ni,2,65,0,0,0,N4,ArgumentError,fix_equivalent_Os,ArgumentError
DUGSIH,other_MC,Mo,4,18,2,4,0,Cl2,KekulizeException,fix_equivalent_Os,KekulizeException
ECOTAR,cyclometalated_CN_etc,Rh,1,57,1,3,0,P1,ArgumentError,fix_equivalent_Os,ArgumentError
ECOTEV,cyclometalated_CN_etc,Rh,1,63,1,3,0,P1,ArgumentError,fix_equivalent_Os,ArgumentError
EDOZAA,no_MC,Ni,2,65,0,0,0,Cl1P3,ArgumentError,F_untraced,ArgumentError
EFOCEH,M_Si,Rh,3,67,0,0,1,Cl1P3,ArgumentError,F_untraced,ArgumentError
EFOCOR,M_Si,Rh,1,78,0,0,1,P4,ArgumentError,F_untraced,ArgumentError
EGAYAM,no_MC,Co,3,60,0,0,0,N2O2S2,AttributeError,F_untraced,AttributeError
EHAZUI,no_MC,Ni,4,37,0,0,0,N2S2,AttributeError,F_untraced,AttributeError
ETOHAY,cyclometalated_CN_etc,Pd,2,75,1,0,0,Cl1P2,ArgumentError,fix_equivalent_Os,ArgumentError
ETORIQ,no_MC,Ni,2,77,0,0,0,N2O2,AttributeError,F_untraced,AttributeError
ETUSIV,cyclometalated_CN_etc,Hf,4,83,2,0,0,N2P2,ArgumentError,fix_equivalent_Os,ArgumentError
EWEXUZ,haptic_eta,Ir,3,75,2,6,0,P1,ArgumentError,fix_equivalent_Os,ArgumentError
EXEZUE,no_MC,Ag,1,76,0,0,0,N1P1,AttributeError,F_untraced,AttributeError
FACHOH,haptic_eta,Rh,3,54,2,5,0,P1,ArgumentError,fix_equivalent_Os,ArgumentError
FAHJAA,haptic_eta,Os,2,61,0,6,0,Cl1P1,AttributeError,F_untraced,AttributeError
FESKET,haptic_eta,Ti,4,57,2,8,0,As2,ArgumentError,fix_equivalent_Os,ArgumentError
FIGKUC,no_MC,Zr,4,77,0,0,0,As2I2N2,ArgumentError,fix_equivalent_Os,ArgumentError
FIGLAJ,no_MC,Ti,4,77,0,0,0,As2Cl2N2,ArgumentError,fix_equivalent_Os,ArgumentError
FOCNER,haptic_eta,Fe,2,73,1,6,1,,ArgumentError,fix_equivalent_Os,ArgumentError
FOFDOT,haptic_eta,Mo,4,56,3,8,0,P1,ArgumentError,fix_equivalent_Os,ArgumentError
FOJSOO,cyclometalated_CN_etc,Fe,2,51,1,0,0,N4O1,ArgumentError,F_untraced,ArgumentError
FORSEK,haptic_eta,Mn,1,55,1,5,0,H1P1,ArgumentError,F_untraced,ArgumentError
GABSEI,cyclometalated_CN_etc,Pd,2,72,1,0,0,N2P1,ArgumentError,fix_equivalent_Os,ArgumentError
GENTUO,haptic_eta,Mo,4,71,1,4,0,O1P2,ArgumentError,fix_equivalent_Os,ArgumentError
GENYAB,no_MC,Pd,2,61,0,0,0,Cl1N1P2,ArgumentError,fix_equivalent_Os,ArgumentError
GENYIJ,no_MC,Ni,2,61,0,0,0,Cl1N1P2,ArgumentError,fix_equivalent_Os,ArgumentError
GENYOP,no_MC,Ni,2,61,0,0,0,Br1N1P2,ArgumentError,fix_equivalent_Os,ArgumentError
GIJZAA,cyclometalated_CN_etc,Ni,2,85,1,0,0,N1P2,ArgumentError,fix_equivalent_Os,ArgumentError
GINQID,cyclometalated_CN_etc,Ta,5,73,3,0,0,N2P1,ArgumentError,fix_equivalent_Os,ArgumentError
GIPTUU,haptic_eta,Zr,4,45,2,8,0,Cl2P1,ArgumentError,fix_equivalent_Os,ArgumentError
GIPWAD,haptic_eta,Zr,4,47,2,8,0,Cl1O1P1,ArgumentError,fix_equivalent_Os,ArgumentError
GIPWOR,haptic_eta,Zr,4,49,2,8,0,N2P1,ArgumentError,fix_equivalent_Os,ArgumentError
GIRCOC,cyclometalated_CN_etc,Pt,4,42,1,0,0,Cl2S1,KekulizeException,F_untraced,KekulizeException
GIXSAH,haptic_eta,Zr,4,79,2,8,0,Cl2,ArgumentError,fix_equivalent_Os,ArgumentError
GIZFUQ,other_MC,Rh,1,74,0,1,0,N1P2,ArgumentError,fix_equivalent_Os,ArgumentError
GOGBAF,no_MC,Fe,4,81,0,0,0,N6,AttributeError,F_untraced,AttributeError
GUXPAS,no_MC,Ni,2,72,0,0,0,N1O1P2,ArgumentError,fix_equivalent_Os,ArgumentError
GUXPIA,no_MC,Ni,2,72,0,0,0,N1P2S1,ArgumentError,fix_equivalent_Os,ArgumentError
GUXVEC,no_MC,Ni,2,76,0,0,0,O1P3,ArgumentError,F_untraced,ArgumentError
GUZMAR,no_MC,Ti,4,57,0,0,0,Cl2N2P1,ArgumentError,fix_equivalent_Os,ArgumentError
GUZMEV,no_MC,Zr,4,57,0,0,0,Cl2N2P1,ArgumentError,fix_equivalent_Os,ArgumentError
GUZMIZ,no_MC,Hf,4,57,0,0,0,Cl2N2P1,ArgumentError,fix_equivalent_Os,ArgumentError
GUZMOF,no_MC,Zr,4,85,0,0,0,N4P1,ArgumentError,fix_equivalent_Os,ArgumentError
GUZNAS,no_MC,Hf,4,69,0,0,0,I2N2P1,ArgumentError,fix_equivalent_Os,ArgumentError
GUZNIA,no_MC,Hf,4,65,0,0,0,Cl2N2P1,ArgumentError,fix_equivalent_Os,ArgumentError
HAJLAG,haptic_eta,Rh,3,59,2,6,0,P1,ArgumentError,fix_equivalent_Os,ArgumentError
HAXLOH,cyclometalated_CN_etc,Co,3,47,1,0,0,N2O2S1,AttributeError,F_untraced,AttributeError
HERKAQ,haptic_eta,Rh,3,55,2,3,0,I1P1,ArgumentError,fix_equivalent_Os,ArgumentError
HERQEA,cyclometalated_CN_etc,Rh,3,55,2,2,0,I1P1,ArgumentError,fix_equivalent_Os,ArgumentError
HEYYER,cyclometalated_CN_etc,Pd,2,78,1,0,0,Cl1P2,ArgumentError,fix_equivalent_Os,ArgumentError
HEZTUB,other_MC,Cr,0,36,0,6,0,,AttributeError,F_untraced,AttributeError
HINLOF,haptic_eta,Rh,1,51,1,6,0,P1,ArgumentError,fix_equivalent_Os,ArgumentError
HINLUL,haptic_eta,Rh,1,67,1,6,0,P1,ArgumentError,fix_equivalent_Os,ArgumentError
HINMAS,haptic_eta,Rh,1,47,1,5,0,P1,ArgumentError,fix_equivalent_Os,ArgumentError
HINMIA,haptic_eta,Rh,3,47,1,4,0,I2P1,ArgumentError,fix_equivalent_Os,ArgumentError
HINMUM,haptic_eta,Rh,3,50,2,4,0,I1P1,ArgumentError,fix_equivalent_Os,ArgumentError
HINNAT,haptic_eta,Rh,3,57,2,4,0,Cl1P1,ArgumentError,fix_equivalent_Os,ArgumentError
HINNEX,haptic_eta,Rh,1,57,1,6,0,P1,ArgumentError,fix_equivalent_Os,ArgumentError
HISCAN,haptic_eta,Ti,4,84,1,4,0,O2P1,ArgumentError,fix_equivalent_Os,ArgumentError
HOXDON,haptic_eta,Ru,2,83,2,4,0,P2,ArgumentError,F_untraced,ArgumentError
HOXFIJ,haptic_eta,Ru,2,72,2,4,0,P2,ArgumentError,F_untraced,ArgumentError
HOXFOP,haptic_eta,Ru,2,71,1,4,0,Cl1P2,ArgumentError,F_untraced,ArgumentError
HUHSAF,no_MC,Ni,2,69,0,0,0,N2P2,ArgumentError,fix_equivalent_Os,ArgumentError
HUJVUD,no_MC,Ni,0,37,0,0,0,N3O1,AttributeError,F_untraced,AttributeError
HUJWAK,no_MC,Ni,0,44,0,0,0,N3O1,AttributeError,F_untraced,AttributeError
IBUKAR,haptic_eta,Ru,4,64,2,4,0,Cl1N1P1,ArgumentError,fix_equivalent_Os,ArgumentError
IDEHII,M_Si,Ru,2,73,0,1,1,Cl1P2,ArgumentError,F_untraced,ArgumentError
IDEHOO,M_Si,Ru,2,75,0,2,1,Cl1P2,ArgumentError,F_untraced,ArgumentError
IHAJUW,no_MC,Ru,4,83,0,0,0,Cl2N2P2,ArgumentError,fix_equivalent_Os,ArgumentError
IMESUP,cyclometalated_CN_etc,Ir,3,83,1,0,1,N2P2,ArgumentError,F_untraced,ArgumentError
IPEPOK,no_MC,Ni,2,65,0,0,0,I1P3,ArgumentError,F_untraced,ArgumentError
IPEPUQ,no_MC,Ni,2,84,0,0,0,P3S1,ArgumentError,F_untraced,ArgumentError
IRUTUL,no_MC,Pd,4,61,0,0,0,N2P2,AttributeError,F_untraced,AttributeError
IXUTOK,haptic_eta,Rh,3,57,2,5,0,P1,ArgumentError,fix_equivalent_Os,ArgumentError
IYINEK,M_Si,Au,3,85,0,0,2,P2,ArgumentError,F_untraced,ArgumentError
JAHHAC,haptic_eta,Mo,2,64,1,6,0,P1,ArgumentError,fix_equivalent_Os,ArgumentError
JEJPUK,no_MC,Pt,2,75,0,0,0,N2P2,ArgumentError,fix_equivalent_Os,ArgumentError
JELCOS,cyclometalated_CN_etc,Pt,2,79,1,0,0,P3,ArgumentError,fix_equivalent_Os,ArgumentError
JEYROU,no_MC,Mo,4,65,0,0,0,N2P2,ArgumentError,fix_equivalent_Os,ArgumentError
JIZNOW,haptic_eta,Ru,2,55,1,6,0,Cl1P1,ArgumentError,fix_equivalent_Os,ArgumentError
JOTJEK,cyclometalated_CN_etc,Pd,2,63,1,1,0,N1O1,KekulizeException,fix_equivalent_Os,KekulizeException
JUQQAN,haptic_eta,Zr,4,55,1,4,0,Cl3O1P1,ArgumentError,fix_equivalent_Os,ArgumentError
KACDOI,haptic_eta,Ru,2,74,1,4,0,Cl1P2,ArgumentError,fix_equivalent_Os,ArgumentError
KACFAW,haptic_eta,Ru,2,61,1,4,0,N2P1,ArgumentError,fix_equivalent_Os,ArgumentError
KACFEA,haptic_eta,Ru,2,51,1,4,0,N2P1,ArgumentError,fix_equivalent_Os,ArgumentError
KEGTEV,no_MC,Mo,6,51,0,0,0,Cl2N1S4,AttributeError,F_untraced,AttributeError
KEWQOS,haptic_eta,Ti,4,36,1,4,0,Cl3,ArgumentError,fix_equivalent_Os,ArgumentError
KISZAN,haptic_eta,Fe,0,62,1,7,0,P1,AttributeError,F_untraced,AttributeError
KOLCOE,no_MC,Hg,2,53,0,0,0,N2O3S1,AttributeError,F_untraced,AttributeError
LACNOS,haptic_eta,Zr,4,84,2,8,0,N2,ArgumentError,fix_equivalent_Os,ArgumentError
LECZEZ,no_MC,Ru,2,66,0,0,0,P4,ArgumentError,fix_equivalent_Os,ArgumentError
LELMEV,cyclometalated_CN_etc,Ru,2,85,1,1,0,Cl1P3,ArgumentError,fix_equivalent_Os,ArgumentError
LENQUQ,no_MC,Co,3,47,0,0,0,N6,ArgumentError,fix_equivalent_Os,ArgumentError
LEPFUJ,haptic_eta,Ru,2,55,0,6,0,Cl1N2,AttributeError,F_untraced,AttributeError
LEPGAQ,haptic_eta,Os,2,55,0,6,0,Cl1N2,AttributeError,F_untraced,AttributeError
LEZWAO,M_Si,Pd,2,77,0,0,2,P2,ArgumentError,F_untraced,ArgumentError
LIBHOT,haptic_eta,Rh,1,45,1,6,0,P1,ArgumentError,fix_equivalent_Os,ArgumentError
LIBHUZ,haptic_eta,Rh,3,41,1,4,0,I2P1,ArgumentError,fix_equivalent_Os,ArgumentError
LICFUB,haptic_eta,W,4,55,2,6,0,P1,AttributeError,F_untraced,AttributeError
LIFXOQ,haptic_eta,W,2,39,1,7,0,P1,ArgumentError,fix_equivalent_Os,ArgumentError
LILCAL,haptic_eta,Rh,1,67,1,6,0,P1,ArgumentError,fix_equivalent_Os,ArgumentError
LIMBAL,no_MC,Zr,4,75,0,0,0,N3P1,ArgumentError,fix_equivalent_Os,ArgumentError
LIRLAZ,haptic_eta,Rh,1,75,1,4,0,P1,ArgumentError,fix_equivalent_Os,ArgumentError
LIRLED,haptic_eta,Rh,1,69,1,5,0,P1,ArgumentError,fix_equivalent_Os,ArgumentError
LIWQOY,cyclometalated_CN_etc,Ir,3,70,1,1,0,Cl1N1P2,ArgumentError,fix_equivalent_Os,ArgumentError
LOCGAL,haptic_eta,Ru,2,82,0,7,0,Cl1P1,AttributeError,F_untraced,AttributeError
LUJFUR,haptic_eta,Zr,4,69,2,8,0,Cl1N1P1,ArgumentError,fix_equivalent_Os,ArgumentError
MAMNOE,M_Si,Ir,3,74,0,1,1,P2,ArgumentError,F_untraced,ArgumentError
MAQWEG,haptic_eta,Ru,2,55,1,8,0,Br1,AttributeError,F_untraced,AttributeError
MIWFAB,haptic_eta,Ru,2,61,0,6,0,N1O2,AttributeError,F_untraced,AttributeError
MIYWUM,other_MC,Re,1,52,0,3,0,N2,ArgumentError,fix_equivalent_Os,ArgumentError
MOQQEO,haptic_eta,Ru,2,51,2,6,0,P1,ArgumentError,fix_equivalent_Os,ArgumentError
MUNFOR,haptic_eta,Ti,2,66,1,5,0,Cl2O1,AttributeError,F_untraced,AttributeError
MUTSOL,no_MC,Pd,0,73,0,0,0,P2,AttributeError,F_untraced,AttributeError
NAWHEA,no_MC,Ni,2,51,0,0,0,Cl1N2P1,ArgumentError,fix_equivalent_Os,ArgumentError
NAWHIE,cyclometalated_CN_etc,Ni,2,54,1,0,0,N2P1,ArgumentError,fix_equivalent_Os,ArgumentError
NAXDOI,haptic_eta,Mn,1,81,1,6,0,P1,ArgumentError,fix_equivalent_Os,ArgumentError
NECLUD,haptic_eta,Mo,2,44,1,6,0,P1,ArgumentError,fix_equivalent_Os,ArgumentError
NEZXUL,haptic_eta,Rh,3,53,1,4,0,O2P1,ArgumentError,fix_equivalent_Os,ArgumentError
NICCIM,cyclometalated_CN_etc,Pt,2,76,1,0,0,P3,ArgumentError,F_untraced,ArgumentError
NIGLEW,other_MC,Re,5,81,0,1,0,N3O1,KekulizeException,fix_equivalent_Os,KekulizeException
NIVFUV,haptic_eta,Fe,2,47,2,6,0,,ArgumentError,fix_equivalent_Os,ArgumentError
NIVGAC,haptic_eta,Fe,2,45,2,5,0,P1,ArgumentError,fix_equivalent_Os,ArgumentError
NOFKOJ,no_MC,Co,3,38,0,0,0,N5S1,ArgumentError,fix_equivalent_Os,ArgumentError
NONHUU,no_MC,Pd,2,65,0,0,0,Cl1P3,ArgumentError,F_untraced,ArgumentError
NOSHEI,haptic_eta,Fe,2,63,1,4,0,Cl1P2,ArgumentError,F_untraced,ArgumentError
NOSHIM,haptic_eta,Fe,2,83,1,4,0,Cl1P2,ArgumentError,F_untraced,ArgumentError
NOSHOS,haptic_eta,Fe,2,71,1,4,0,Cl1P2,ArgumentError,F_untraced,ArgumentError
NOZROJ,no_MC,Ni,2,66,0,0,0,N2O1P1,ArgumentError,fix_equivalent_Os,ArgumentError
NUWWAD,haptic_eta,Zr,4,85,2,8,0,Cl2,ArgumentError,fix_equivalent_Os,ArgumentError
ODUBAS,cyclometalated_CN_etc,Ni,2,71,1,0,0,N1P2,ArgumentError,fix_equivalent_Os,ArgumentError
ODUNIM,cyclometalated_CN_etc,Pd,4,66,1,0,0,O1P1S1,AttributeError,F_untraced,AttributeError
OFOBEQ,haptic_eta,Rh,1,67,1,5,0,P1,AttributeError,F_untraced,AttributeError
OKAPEX,cyclometalated_CN_etc,Mo,2,76,1,4,0,N1P2,ArgumentError,fix_equivalent_Os,ArgumentError
OKAPIB,cyclometalated_CN_etc,Mo,2,73,1,2,0,N1O2P2,ArgumentError,fix_equivalent_Os,ArgumentError
OLITUZ,haptic_eta,Mn,1,67,1,7,0,,ArgumentError,fix_equivalent_Os,ArgumentError
OPUPUL,haptic_eta,Ni,2,48,2,5,0,,KekulizeException,fix_equivalent_Os,KekulizeException
OXEZUN,no_MC,Pt,2,65,0,0,0,Cl1P3,ArgumentError,F_untraced,ArgumentError
OXIBAZ,cyclometalated_CN_etc,Pt,2,68,1,0,0,P3,ArgumentError,F_untraced,ArgumentError
OYOLUK,haptic_eta,Co,1,47,1,6,0,P1,ArgumentError,fix_equivalent_Os,ArgumentError
PASLON,no_MC,Pt,2,53,0,0,0,Cl1N2S1,AttributeError,F_untraced,AttributeError
PBPNEP,cyclometalated_CN_etc,Pd,4,64,1,0,0,Cl1N1P1,ArgumentError,F_untraced,ArgumentError
PEPPAE,no_MC,Fe,2,75,0,0,0,P4Se1,ArgumentError,fix_equivalent_Os,ArgumentError
PEVDAV,M_Si,Cr,0,84,0,5,1,,ArgumentError,fix_equivalent_Os,ArgumentError
PIWNUH,cyclometalated_CN_etc,Zn,2,80,1,0,0,N2P1,ArgumentError,fix_equivalent_Os,ArgumentError
PIWPAP,cyclometalated_CN_etc,Zn,2,83,1,0,0,N2P1,ArgumentError,fix_equivalent_Os,ArgumentError
PIWPOD,no_MC,Zn,2,74,0,0,0,N2P1,ArgumentError,fix_equivalent_Os,ArgumentError
PIWPUJ,no_MC,Zn,2,77,0,0,0,N2P1,ArgumentError,fix_equivalent_Os,ArgumentError
PIXKEP,other_MC,Pd,2,64,0,1,0,Cl1N1S1,AttributeError,F_untraced,AttributeError
PIYSEV,haptic_eta,Zr,4,71,2,8,0,Cl1P1,ArgumentError,fix_equivalent_Os,ArgumentError
PUNTAV,no_MC,Zn,2,66,0,0,0,N3,AtomValenceException,fix_equivalent_Os,AtomValenceException
PUPNIZ,haptic_eta,Mn,1,44,1,6,0,P1,ArgumentError,fix_equivalent_Os,ArgumentError
PUPNOF,haptic_eta,Mn,1,47,1,6,0,P1,ArgumentError,fix_equivalent_Os,ArgumentError
QAHGUC,haptic_eta,Rh,1,53,1,5,0,P1,ArgumentError,fix_equivalent_Os,ArgumentError
QEDBOT,no_MC,Ni,2,79,0,0,0,N1P3,ArgumentError,fix_equivalent_Os,ArgumentError
QEJSEG,other_MC,Pd,2,63,0,1,0,N2Se1,KekulizeException,fix_equivalent_Os,KekulizeException
QIZREZ,haptic_eta,Ti,4,84,2,8,0,P2,ArgumentError,fix_equivalent_Os,ArgumentError
QOQGEK,cyclometalated_CN_etc,Zn,2,81,1,0,0,N3,AtomValenceException,fix_equivalent_Os,AtomValenceException
QOQGIO,no_MC,Zn,2,66,0,0,0,Cl1N3,AtomValenceException,fix_equivalent_Os,AtomValenceException
QOQGUA,cyclometalated_CN_etc,Zn,2,72,1,0,0,N3,AtomValenceException,fix_equivalent_Os,AtomValenceException
QUBPIM,no_MC,Ni,0,46,0,0,0,N3O1,AttributeError,F_untraced,AttributeError
QUJBUU,no_MC,Pd,4,65,0,0,0,N2O1S1,AttributeError,F_untraced,AttributeError
RABVEW,cyclometalated_CN_etc,Co,1,82,1,0,0,P4,ArgumentError,fix_equivalent_Os,ArgumentError
RANNIE,haptic_eta,Ru,2,77,1,6,0,P2,ArgumentError,fix_equivalent_Os,ArgumentError
RAZDIG,haptic_eta,Ru,2,83,0,6,0,Cl2P1,ArgumentError,fix_equivalent_Os,ArgumentError
REKVUB,no_MC,Ru,2,79,0,0,0,Cl1N2P1S2,ArgumentError,fix_equivalent_Os,ArgumentError
RITXUN,haptic_eta,Mo,2,54,1,6,0,P1,ArgumentError,fix_equivalent_Os,ArgumentError
RITYAU,haptic_eta,Mo,4,55,2,5,0,P1S1,ArgumentError,F_untraced,ArgumentError
ROMFEE,cyclometalated_CN_etc,Au,3,85,2,0,0,P2,ArgumentError,fix_equivalent_Os,ArgumentError
RUKWOL,other_MC,Ir,3,67,0,2,0,B1N3,KekulizeException,F_untraced,KekulizeException
SACGIO,cyclometalated_CN_etc,Pt,2,83,2,0,0,P2,ArgumentError,fix_equivalent_Os,ArgumentError
SACLUG,haptic_eta,Ru,2,67,0,6,0,Cl1N2,AttributeError,F_untraced,AttributeError
SACMAN,haptic_eta,Ru,2,57,0,6,0,Cl1N2,AttributeError,F_untraced,AttributeError
SACMIV,haptic_eta,Ru,2,73,0,6,0,Cl1N2,AttributeError,F_untraced,AttributeError
SAKSIJ,cyclometalated_CN_etc,Ni,2,77,1,0,0,P3,ArgumentError,F_untraced,ArgumentError
SAKTAC,no_MC,Ni,2,78,0,0,0,O1P3,ArgumentError,F_untraced,ArgumentError
SEFNUO,no_MC,Co,3,59,0,0,0,N1P1S4,ArgumentError,fix_equivalent_Os,ArgumentError
SEMCUK,no_MC,Ni,2,61,0,0,0,I1N1P2,ArgumentError,fix_equivalent_Os,ArgumentError
SEWCEC,haptic_eta,W,2,47,2,6,0,P1,ArgumentError,fix_equivalent_Os,ArgumentError
SIDBUF,no_MC,Cu,3,72,0,0,0,Cl1N2O3,ArgumentError,F_untraced,ArgumentError
SILLEG,cyclometalated_CN_etc,Au,1,39,1,0,0,P1,ArgumentError,fix_equivalent_Os,ArgumentError
SOLVEU,haptic_eta,Mo,2,84,1,6,0,As1P1,ArgumentError,fix_equivalent_Os,ArgumentError
SOMZAV,other_MC,Ir,1,82,0,4,0,N1P2,ArgumentError,F_untraced,ArgumentError
SOQLOZ,haptic_eta,Fe,2,82,1,4,0,N1P2,ArgumentError,fix_equivalent_Os,ArgumentError
SOWCIR,no_MC,Zr,4,85,0,0,0,N3P1,ArgumentError,fix_equivalent_Os,ArgumentError
SUCBAT,no_MC,Cu,3,67,0,0,0,Cl1N4,KekulizeException,fix_equivalent_Os,KekulizeException
SUNROK,haptic_eta,Zr,4,66,3,8,0,P1,ArgumentError,fix_equivalent_Os,ArgumentError
TAYWIA,other_MC,Rh,1,67,0,4,0,P2,AttributeError,F_untraced,AttributeError
TEDGIS,haptic_eta,Fe,2,45,2,5,0,P1,ArgumentError,fix_equivalent_Os,ArgumentError
TEDYIK,no_MC,Ni,4,54,0,0,0,N3O1S2,AttributeError,F_untraced,AttributeError
TIBBIP,no_MC,Ni,4,85,0,0,0,P4,ArgumentError,fix_equivalent_Os,ArgumentError
TIHSOS,no_MC,Ti,4,56,0,0,0,Cl5P1,ArgumentError,fix_equivalent_Os,ArgumentError
TOXBOX,haptic_eta,Zr,4,83,2,8,0,N1P1,ArgumentError,fix_equivalent_Os,ArgumentError
TPHDFC,haptic_eta,Fe,0,54,0,7,0,,ArgumentError,F_untraced,ArgumentError
UCIGAP,no_MC,Zn,2,63,0,0,0,N6,KekulizeException,fix_equivalent_Os,KekulizeException
UCIGUJ,no_MC,Fe,2,63,0,0,0,N6,KekulizeException,fix_equivalent_Os,KekulizeException
UDOPOT,no_MC,Ni,4,69,0,0,0,N2S2,AttributeError,F_untraced,AttributeError
UDOQEK,no_MC,Ni,4,75,0,0,0,N2S2,AttributeError,F_untraced,AttributeError
UFUHEL,haptic_eta,Fe,2,39,1,6,0,P1,ArgumentError,fix_equivalent_Os,ArgumentError
UJITAI,haptic_eta,Zr,4,69,2,8,0,Cl1N1P1,ArgumentError,fix_equivalent_Os,ArgumentError
ULONOY,haptic_eta,Ti,4,42,1,4,0,Cl3P1,ArgumentError,fix_equivalent_Os,ArgumentError
UQUXAG,haptic_eta,Fe,2,33,2,6,0,,ArgumentError,fix_equivalent_Os,ArgumentError
UTANIO,haptic_eta,Ru,2,71,0,6,0,Cl1N2,AttributeError,F_untraced,AttributeError
UTANOU,haptic_eta,Ru,2,67,0,6,0,Cl1N2,AttributeError,F_untraced,AttributeError
UTANUA,haptic_eta,Ru,2,67,0,6,0,Cl1N2,AttributeError,F_untraced,AttributeError
UTAPAI,haptic_eta,Rh,3,68,1,4,0,Cl1N2,AttributeError,F_untraced,AttributeError
UTEGEG,cyclometalated_CN_etc,Ir,3,68,1,0,0,I1N2O1P1,ArgumentError,fix_equivalent_Os,ArgumentError
UTOWEH,cyclometalated_CN_etc,Ir,3,85,1,0,0,Cl1P2,ArgumentError,fix_equivalent_Os,ArgumentError
UTOXEI,cyclometalated_CN_etc,Ir,3,85,1,0,0,P2,ArgumentError,fix_equivalent_Os,ArgumentError
UVEXIE,no_MC,Zr,4,69,0,0,0,I2N2P1,ArgumentError,fix_equivalent_Os,ArgumentError
UVIWON,no_MC,Ti,4,81,0,0,0,N4P1,ArgumentError,fix_equivalent_Os,ArgumentError
UVIXAA,no_MC,Ti,4,65,0,0,0,I2N2P1,ArgumentError,fix_equivalent_Os,ArgumentError
UVIXEE,no_MC,Ti,4,77,0,0,0,I2N2P1,ArgumentError,fix_equivalent_Os,ArgumentError
UVIXII,no_MC,Zr,4,65,0,0,0,I2N2P1,ArgumentError,fix_equivalent_Os,ArgumentError
VAMCER,haptic_eta,Mo,2,50,1,6,0,P2,ArgumentError,fix_equivalent_Os,ArgumentError
VENHED,cyclometalated_CN_etc,Ni,2,64,1,0,0,N1P2,ArgumentError,fix_equivalent_Os,ArgumentError
VEXJOZ,other_MC,Au,1,71,0,1,0,Cl1,KekulizeException,fix_equivalent_Os,KekulizeException
VEXKAM,other_MC,Ag,1,71,0,1,0,Cl1,KekulizeException,fix_equivalent_Os,KekulizeException
VIRXAW,no_MC,Pt,4,67,0,0,0,N2P2,ArgumentError,F_untraced,ArgumentError
VIRXIE,no_MC,Pt,2,75,0,0,0,N2P2,ArgumentError,fix_equivalent_Os,ArgumentError
VIRXOK,no_MC,Pt,4,61,0,0,0,N2P2,ArgumentError,F_untraced,ArgumentError
VIWCAG,cyclometalated_CN_etc,Pd,2,69,1,0,0,O1P2,ArgumentError,fix_equivalent_Os,ArgumentError
VIWPIB,no_MC,Pt,4,61,0,0,0,N2P2,ArgumentError,F_untraced,ArgumentError
VOMBEE,other_MC,Rh,1,59,0,4,0,Cl1P1,ArgumentError,fix_equivalent_Os,ArgumentError
VOXRIJ,haptic_eta,Nb,3,45,2,9,0,P1,ArgumentError,fix_equivalent_Os,ArgumentError
VUDTUL,other_MC,Ni,0,65,0,2,0,P1Se1,ArgumentError,F_untraced,ArgumentError
VUGCAD,cyclometalated_CN_etc,Co,1,82,1,0,0,P4,ArgumentError,fix_equivalent_Os,ArgumentError
VUNLOF,other_MC,Ir,1,76,0,1,0,N1P2,ArgumentError,F_untraced,ArgumentError
VUNMEW,cyclometalated_CN_etc,Ir,3,81,1,2,0,I1N1P2,ArgumentError,fix_equivalent_Os,ArgumentError
WAQBAU,no_MC,Hf,4,77,0,0,0,I3N1P2,ArgumentError,fix_equivalent_Os,ArgumentError
WAWPAO,haptic_eta,Mn,1,47,1,6,0,P1,ArgumentError,fix_equivalent_Os,ArgumentError
WAXFEI,other_MC,Rh,1,72,0,4,0,P2,AttributeError,F_untraced,AttributeError
WAYKIQ,haptic_eta,Rh,3,72,1,4,0,Br1P2,AttributeError,F_untraced,AttributeError
WEPTUI,cyclometalated_CN_etc,Fe,2,82,1,1,0,N2P2,ArgumentError,fix_equivalent_Os,ArgumentError
WEWHEL,no_MC,Co,3,55,0,0,0,N2O2S2,AttributeError,F_untraced,AttributeError
WEXZUX,no_MC,Ni,2,63,0,0,0,N2P2,ArgumentError,fix_equivalent_Os,ArgumentError
WIDPIK,cyclometalated_CN_etc,Ni,4,60,1,0,0,Cl1N2,AttributeError,F_untraced,AttributeError
WIJREN,haptic_eta,Ru,2,65,1,7,0,P1,ArgumentError,fix_equivalent_Os,ArgumentError
WISHIR,no_MC,Zn,2,77,0,0,0,I2N2,invalid_charge,F_untraced,invalid_charge
WISHOX,no_MC,Zn,2,52,0,0,0,Cl2N2O1,invalid_charge,F_untraced,invalid_charge
WIYHOB,haptic_eta,Rh,1,55,1,6,0,P1,ArgumentError,fix_equivalent_Os,ArgumentError
WOKMAL,cyclometalated_CN_etc,Pt,0,83,1,0,0,N1P1S1,AttributeError,F_untraced,AttributeError
WORCOV,haptic_eta,Nb,3,83,1,5,0,Cl2P2,ArgumentError,fix_equivalent_Os,ArgumentError
WUHJUF,no_MC,Re,5,64,0,0,0,Cl1N2O2P1,ArgumentError,fix_equivalent_Os,ArgumentError
WUHKAM,no_MC,Re,5,65,0,0,0,N2O3P1,ArgumentError,fix_equivalent_Os,ArgumentError
WUNCIR,haptic_eta,Rh,3,77,1,4,0,Cl1P2,ArgumentError,fix_equivalent_Os,ArgumentError
WUPDOA,haptic_eta,Rh,3,54,2,4,0,I1P1,ArgumentError,fix_equivalent_Os,ArgumentError
XANREK,haptic_eta,Nb,5,76,2,8,0,N1P1,ArgumentError,fix_equivalent_Os,ArgumentError
XESBUU,haptic_eta,Cr,2,44,1,6,0,P1,ArgumentError,fix_equivalent_Os,ArgumentError
XESCAB,haptic_eta,W,2,44,1,6,0,P1,ArgumentError,fix_equivalent_Os,ArgumentError
XESCEF,haptic_eta,Cr,2,44,1,6,0,I1P1,ArgumentError,fix_equivalent_Os,ArgumentError
XESCIJ,haptic_eta,Mo,2,44,1,6,0,Cl1P1,ArgumentError,fix_equivalent_Os,ArgumentError
XESCOP,haptic_eta,Mo,2,44,1,6,0,Br1P1,ArgumentError,fix_equivalent_Os,ArgumentError
XESCUV,haptic_eta,Mo,2,44,1,6,0,I1P1,ArgumentError,fix_equivalent_Os,ArgumentError
XESDAC,haptic_eta,W,2,44,1,6,0,Br1P1,ArgumentError,fix_equivalent_Os,ArgumentError
XIWHAO,haptic_eta,Rh,3,59,1,4,0,Cl1N2,ArgumentError,fix_equivalent_Os,ArgumentError
XOSTUW,no_MC,Rh,3,64,0,0,0,N3P2,ArgumentError,fix_equivalent_Os,ArgumentError
XOSVAC,haptic_eta,Ir,3,76,1,5,0,P1,ArgumentError,fix_equivalent_Os,ArgumentError
XUKWUX,cyclometalated_CN_etc,Sc,3,82,1,0,0,N3P1,ArgumentError,fix_equivalent_Os,ArgumentError
XUPJAU,cyclometalated_CN_etc,Co,3,75,2,0,0,I1P3,ArgumentError,fix_equivalent_Os,ArgumentError
XUPJEY,cyclometalated_CN_etc,Fe,2,76,1,1,0,P3,ArgumentError,fix_equivalent_Os,ArgumentError
YAQCIC,haptic_eta,Zr,4,73,2,8,0,Cl1P1,ArgumentError,fix_equivalent_Os,ArgumentError
YEHBAP,other_MC,Rh,1,84,0,4,0,P2,AttributeError,F_untraced,AttributeError
YIJLAE,haptic_eta,Rh,3,75,1,4,0,Cl1P2,ArgumentError,F_untraced,ArgumentError
YIXGAO,no_MC,Zr,4,75,0,0,0,N2O1P2,ArgumentError,fix_equivalent_Os,ArgumentError
YIZCUF,haptic_eta,Zr,4,68,2,8,0,Cl1P1,ArgumentError,fix_equivalent_Os,ArgumentError
YOLHOX,cyclometalated_CN_etc,Rh,3,83,1,0,0,I2P2,ArgumentError,fix_equivalent_Os,ArgumentError
YOXKUS,cyclometalated_CN_etc,Re,3,52,1,3,0,I2P1,ArgumentError,fix_equivalent_Os,ArgumentError
YOXLAZ,haptic_eta,Re,1,52,1,6,0,P1,ArgumentError,fix_equivalent_Os,ArgumentError
YOXYUF,cyclometalated_CN_etc,Ir,3,82,1,2,0,N1P2,ArgumentError,fix_equivalent_Os,ArgumentError
YOXZAM,cyclometalated_CN_etc,Ir,3,84,1,2,0,N1P2,ArgumentError,fix_equivalent_Os,ArgumentError
ZAPJEF,haptic_eta,Rh,3,83,1,4,0,Cl1P2,ArgumentError,fix_equivalent_Os,ArgumentError
ZAPJIJ,haptic_eta,Rh,3,83,1,4,0,Cl1P2,ArgumentError,fix_equivalent_Os,ArgumentError
ZEQFEG,haptic_eta,Ta,5,46,2,8,0,P1,ArgumentError,fix_equivalent_Os,ArgumentError
ZEQXIC,no_MC,Mo,4,75,0,0,0,N4P1,ArgumentError,fix_equivalent_Os,ArgumentError
ZERFAG,no_MC,Fe,2,69,0,0,0,N2S4,ArgumentError,fix_equivalent_Os,ArgumentError
ZERFEK,no_MC,Fe,2,70,0,0,0,N2S4,ArgumentError,fix_equivalent_Os,ArgumentError
ZIGHOO,other_MC,Ir,1,85,0,4,0,N1P1,ArgumentError,fix_equivalent_Os,ArgumentError
ZISBAE,cyclometalated_CN_etc,Ir,3,85,2,2,0,N1P2,ArgumentError,fix_equivalent_Os,ArgumentError
ZOGCON,haptic_eta,Mo,6,42,5,4,0,,AttributeError,F_untraced,AttributeError
ZORNOL,other_MC,Ni,0,73,0,2,0,P1Se1,ArgumentError,F_untraced,ArgumentError
ZOSMIG,no_MC,Zn,2,77,0,0,0,Cl1N2P1,ArgumentError,fix_equivalent_Os,ArgumentError
