IDs,xyz2mol_status,error_type,elapsed_s,ilp_seconds,n_atoms
ABARAX,timeout,timeout,300.0,0.1480,82
ABEJAS,fail,ArgumentError,,0.1180,83
AFUXOP,fail,IndexError,,0.4581,33
AGEBIA,fail,AttributeError,,0.0920,75
AGEVAJ,fail,AttributeError,,0.2272,65
AHEXAM,fail,AttributeError,,0.1113,73
AJIDOM,fail,AttributeError,,0.1368,81
ANEBIF,fail,ArgumentError,,0.0975,72
ANECIG,fail,ArgumentError,,0.1058,78
ANECOM,fail,ArgumentError,,0.1422,76
APUGIC,fail,ArgumentError,,0.1504,77
ASAFIK,fail,ArgumentError,,0.1448,77
ASAGAD,fail,ArgumentError,,0.0973,73
ATOSUY,fail,AttributeError,,0.4173,84
AXEQUP,fail,ArgumentError,,0.1374,51
AXEREA,fail,ArgumentError,,0.4073,57
AYOXER,fail,ArgumentError,,0.2556,72
AYOXIV,fail,ArgumentError,,0.1570,71
BAFLUS,fail,AttributeError,,0.1315,51
BASBEE,fail,mol_is_none,0.4078,0.1071,70
BASTAT,fail,AttributeError,,0.1981,76
BAYTIE,fail,AttributeError,,0.3432,46
BEGFOL,fail,AttributeError,,0.1601,82
BENPAL,fail,KekulizeException,,0.0743,22
BENQIW,fail,AttributeError,,0.1029,47
BILQUI,fail,mol_is_none,0.0894,0.1167,74
BIMLEP,fail,AttributeError,,0.1841,66
BIMLIT,fail,AttributeError,,0.3785,52
BOCZAU,fail,ArgumentError,,0.0655,66
BOLDOW,fail,ArgumentError,,0.1920,75
BOQTIL,fail,ArgumentError,,0.1031,69
BOQTOR,fail,ArgumentError,,0.1034,69
BOQTUX,fail,ArgumentError,,0.1033,69
BOQVAF,fail,ArgumentError,,0.1023,69
BOZMIN,fail,AttributeError,,0.2075,45
BUNFEW,fail,ArgumentError,,0.0840,77
BUPMIK,fail,AttributeError,,0.1252,77
BUPMOQ,fail,AttributeError,,0.1117,77
BUYMIS,fail,AttributeError,,0.0555,55
BUYMOY,fail,AttributeError,,0.0601,64
CAFPIJ,fail,AttributeError,,0.1000,49
CAJPUY,fail,ArgumentError,,0.0962,78
CAMSAM,fail,AttributeError,,0.2263,74
CASWIC,fail,AttributeError,,0.0615,42
CAWSAU,fail,AttributeError,,0.1603,64
CAWYUX,fail,ArgumentError,,0.0737,67
CEDMED,fail,AttributeError,,0.4068,56
CEGGON,fail,AttributeError,,0.1535,81
CEGPOW,fail,AttributeError,,0.1912,81
CEHHAB,fail,mol_is_none,18.9947,0.2607,73
CEJBEZ,fail,ArgumentError,,0.1971,75
CIGJIN,fail,KekulizeException,,0.1215,78
CIJJUA,fail,AttributeError,,0.0741,39
CILFOV,fail,AttributeError,,0.1340,78
CINPOG,timeout,timeout,300.0,0.5655,73
CINPUM,timeout,timeout,300.0,0.5145,76
CINQAT,timeout,timeout,300.0,0.5554,82
CODXID,fail,ArgumentError,,0.1307,83
COFWUP,fail,AttributeError,,0.0797,67
COLPOI,fail,AttributeError,,0.3612,35
COMWUX,fail,AttributeError,,0.3469,82
DACPOO,fail,KekulizeException,,0.2456,49
DAGXUE,timeout,timeout,300.0,0.4191,59
DAJDAT,fail,ArgumentError,,0.0604,47
DAJSAJ,fail,ArgumentError,,0.0932,63
DALLIN,fail,AttributeError,,0.4348,58
DAPBON,fail,AttributeError,,0.0973,75
DAVQIA,fail,ArgumentError,,0.4897,77
DEGPOW,timeout,timeout,300.0,0.3057,73
DEPWAW,fail,AttributeError,,0.1723,71
DEWMOH,fail,ArgumentError,,0.0997,75
DEXLEY,fail,mol_is_none,2.3192,0.0628,57
DIGMIS,fail,ArgumentError,,0.1090,72
DILDAG,fail,AttributeError,,0.1175,64
DIVVEM,fail,ArgumentError,,0.1231,85
DIVVIQ,fail,ArgumentError,,0.1075,73
DIVVOW,fail,ArgumentError,,0.1177,73
DOGGEM,fail,ArgumentError,,0.0899,84
DOGGIQ,fail,ArgumentError,,0.0944,85
DOPZOA,fail,mol_is_none,0.0964,0.0950,81
DORHEY,fail,ArgumentError,,0.3425,62
DOTMOQ,fail,ArgumentError,,0.2341,65
DOTNAD,fail,mol_is_none,1.0403,0.2001,63
DUGSIH,fail,KekulizeException,,0.0742,18
DUMVIQ,fail,mol_is_none,0.1037,0.1145,60
EBUFIQ,fail,mol_is_none,0.0608,0.0430,39
ECOTAR,fail,ArgumentError,,0.1775,57
ECOTEV,fail,ArgumentError,,0.1678,63
EDOZAA,fail,ArgumentError,,0.0804,65
EFOCEH,fail,ArgumentError,,0.0790,67
EFOCOR,fail,ArgumentError,,0.0888,78
EGAYAM,fail,AttributeError,,0.0858,60
EGEGON,fail,AttributeError,,0.0942,62
EGEGUT,fail,AttributeError,,0.1096,73
EHAZUI,fail,AttributeError,,0.0973,37
EJODUE,fail,mol_is_none,77.8011,0.1438,83
ENUZOD,fail,AttributeError,,0.1075,71
EQURAL,fail,AttributeError,,0.0627,73
ETOHAY,fail,ArgumentError,,0.0870,75
ETOHEC,fail,AttributeError,,0.0999,73
ETORIQ,fail,AttributeError,,0.1868,77
ETUSIV,fail,ArgumentError,,0.0647,83
EWEXUZ,fail,ArgumentError,,0.2886,75
EXEZUE,fail,AttributeError,,0.0767,76
FACHOH,fail,ArgumentError,,0.1165,54
FAHJAA,fail,AttributeError,,0.0694,61
FAVNEV,fail,mol_is_none,0.1581,0.1244,71
FAYBIS,fail,AttributeError,,0.1011,62
FAZCUH,timeout,timeout,300.0,0.3143,84
FEKYUQ,timeout,timeout,300.0,0.4373,79
FESKET,fail,ArgumentError,,0.5392,57
FIBZOG,fail,AttributeError,,0.5365,76
FIGKUC,fail,ArgumentError,,0.0947,77
FIGLAJ,fail,ArgumentError,,0.0961,77
FILJUG,fail,AttributeError,,0.1751,70
FOCNER,fail,ArgumentError,,0.3675,73
FOFDOT,fail,ArgumentError,,0.4548,56
FOJSOO,fail,ArgumentError,,0.1312,51
FONKOL,fail,AttributeError,,0.1952,62
FOPQAD,fail,AttributeError,,0.0807,58
FOQLUV,fail,mol_is_none,0.2489,0.1110,69
FORSEK,fail,ArgumentError,,0.1613,55
FOSNEI,fail,mol_is_none,60.9475,0.1114,77
FUTWAT,fail,mol_is_none,0.3566,0.0825,84
GABSEI,fail,ArgumentError,,0.0781,72
GAGBUO,fail,AttributeError,,0.1212,66
GAHJEG,fail,mol_is_none,0.1458,0.0703,73
GENTUO,fail,ArgumentError,,0.3480,71
GENYAB,fail,ArgumentError,,0.1073,61
GENYIJ,fail,ArgumentError,,0.1135,61
GENYOP,fail,ArgumentError,,0.1460,61
GIJNOD,fail,AttributeError,,0.1368,54
GIJZAA,fail,ArgumentError,,0.1363,85
GINQID,fail,ArgumentError,,0.0945,73
GIPTUU,fail,ArgumentError,,0.3975,45
GIPWAD,fail,ArgumentError,,0.3969,47
GIPWOR,fail,ArgumentError,,0.2772,49
GIRCOC,fail,KekulizeException,,0.0770,42
GITMIF,fail,AttributeError,,0.1805,68
GIXSAH,fail,ArgumentError,,0.3720,79
GIZFUQ,fail,ArgumentError,,0.0964,74
GOGBAF,fail,AttributeError,,0.2679,81
GOHDUF,fail,AttributeError,,0.1124,65
GOJQUT,fail,AttributeError,,0.1175,69
GUQFOO,fail,AttributeError,,0.1113,77
GUVNIV,fail,AttributeError,,0.0734,53
GUXPAS,fail,ArgumentError,,0.1760,72
GUXPIA,fail,ArgumentError,,0.1458,72
GUXVEC,fail,ArgumentError,,0.0985,76
GUZMAR,fail,ArgumentError,,0.0559,57
GUZMEV,fail,ArgumentError,,0.0548,57
GUZMIZ,fail,ArgumentError,,0.0540,57
GUZMOF,fail,ArgumentError,,0.0720,85
GUZNAS,fail,ArgumentError,,0.0624,69
GUZNIA,fail,ArgumentError,,0.0379,65
HAGKIL,fail,AttributeError,,0.0927,66
HAJLAG,fail,ArgumentError,,0.1287,59
HAXLOH,fail,AttributeError,,0.0673,47
HAYZIS,fail,mol_is_none,0.0731,0.0837,48
HAZKOI,fail,AttributeError,,0.2960,58
HERKAQ,fail,ArgumentError,,0.1829,55
HERQEA,fail,ArgumentError,,0.1478,55
HEYYER,fail,ArgumentError,,0.1955,78
HEZTUB,fail,AttributeError,,0.0588,36
HIHSOH,fail,AttributeError,,0.1143,63
HINLOF,fail,ArgumentError,,0.1191,51
HINLUL,fail,ArgumentError,,0.1332,67
HINMAS,fail,ArgumentError,,0.1806,47
HINMIA,fail,ArgumentError,,0.1016,47
HINMUM,fail,ArgumentError,,0.1044,50
HINNAT,fail,ArgumentError,,0.1422,57
HINNEX,fail,ArgumentError,,0.1532,57
HISCAN,fail,ArgumentError,,0.1937,84
HITBAO,fail,AttributeError,,0.1017,83
HIXZEU,fail,AttributeError,,0.0879,57
HIXZIY,fail,AttributeError,,0.1091,73
HOGRAZ,fail,mol_is_none,0.4646,0.0582,54
HOXDON,fail,ArgumentError,,0.4641,83
HOXFIJ,fail,ArgumentError,,0.4528,72
HOXFOP,fail,ArgumentError,,0.4453,71
HUGWUC,fail,AttributeError,,0.1327,69
HUHSAF,fail,ArgumentError,,0.1751,69
HUJVUD,fail,AttributeError,,0.0322,37
HUJWAK,fail,AttributeError,,0.0419,44
HUJWEO,fail,AttributeError,,0.0438,37
IBETUF,timeout,timeout,300.0,0.1648,83
IBUKAR,fail,ArgumentError,,0.2669,64
IDEHII,fail,ArgumentError,,0.1899,73
IDEHOO,fail,ArgumentError,,0.2036,75
IFOPAW,fail,AttributeError,,0.1312,79
IHAJUW,fail,ArgumentError,,0.1927,83
ILEKIV,fail,AttributeError,,0.4085,68
ILEKOB,fail,AttributeError,,0.3052,68
ILIVAB,fail,AttributeError,,0.1427,85
IMESUP,fail,ArgumentError,,0.1017,83
IMUHAA,fail,AttributeError,,0.1652,69
IPEPOK,fail,ArgumentError,,0.0797,65
IPEPUQ,fail,ArgumentError,,0.1369,84
IROWIW,fail,mol_is_none,0.3019,0.0840,54
IROXET,fail,mol_is_none,0.2961,0.0946,44
IRUTUL,fail,AttributeError,,0.1484,61
ITARIF,fail,AttributeError,,0.1227,46
ITEGIY,fail,AttributeError,,0.1538,82
ITEVUA,fail,mol_is_none,12.4524,0.1127,57
IVUSOJ,fail,AttributeError,,0.1687,62
IVUSUP,fail,AttributeError,,0.0975,62
IWAZAJ,fail,AttributeError,,0.0688,44
IXUFUE,fail,AttributeError,,0.1257,40
IXUGEP,fail,AttributeError,,0.0960,30
IXUTOK,fail,ArgumentError,,0.3457,57
IYINEK,fail,ArgumentError,,0.1301,85
JAHHAC,fail,ArgumentError,,0.3524,64
JATDAM,fail,AttributeError,,0.0593,36
JEJPUK,fail,ArgumentError,,0.1328,75
JEKQAS,fail,AttributeError,,0.1060,63
JELCOS,fail,ArgumentError,,0.1637,79
JEYROU,fail,ArgumentError,,0.1873,65
JIZNOW,fail,ArgumentError,,0.1138,55
JIZSIW,fail,mol_is_none,0.2639,0.1358,38
JOMZES,fail,AttributeError,,0.1166,71
JOTJEK,fail,KekulizeException,,0.1113,63
JOXLAJ,fail,AttributeError,,0.2644,83
JUGRIO,timeout,timeout,300.0,0.5193,74
JUGRUA,timeout,timeout,300.0,0.5897,74
JUQQAN,fail,ArgumentError,,0.1589,55
KACDOI,fail,ArgumentError,,0.4670,74
KACFAW,fail,ArgumentError,,0.4068,61
KACFEA,fail,ArgumentError,,0.3569,51
KADJIK,fail,AtomValenceException,,0.2080,61
KAKVUO,fail,mol_is_none,0.1139,0.0566,57
KAKWAV,fail,mol_is_none,0.1142,0.0559,57
KAKWEZ,fail,mol_is_none,0.1167,0.0702,64
KAVWUA,fail,mol_is_none,0.4365,0.1799,47
KEGTEV,fail,AttributeError,,0.1420,51
KESYEP,invalid_charge,invalid_charge,,0.1325,43
KEWQOS,fail,ArgumentError,,0.1216,36
KIHTAZ,fail,AttributeError,,0.1221,81
KIHVIH,fail,AttributeError,,0.0410,67
KIRXOA,fail,AttributeError,,0.1003,79
KISZAN,fail,AttributeError,,0.3420,62
KOCXIK,fail,AttributeError,,0.1327,51
KOGQED,timeout,timeout,300.0,0.1588,83
KOLCOE,fail,AttributeError,,0.1218,53
KOMCIZ,fail,AttributeError,,0.1045,63
KUHGAW,timeout,timeout,300.0,0.2307,59
LACNOS,fail,ArgumentError,,0.4070,84
LAXCOF,fail,mol_is_none,22.0536,0.1089,65
LECZEZ,fail,ArgumentError,,0.1043,66
LELMEV,fail,ArgumentError,,0.2680,85
LENQUQ,fail,ArgumentError,,0.3331,47
LEPFUJ,fail,AttributeError,,0.1101,55
LEPGAQ,fail,AttributeError,,0.0902,55
LEZWAO,fail,ArgumentError,,0.1809,77
LIBHOT,fail,ArgumentError,,0.1077,45
LIBHUZ,fail,ArgumentError,,0.1152,41
LIBWIE,fail,AttributeError,,0.3208,75
LICFUB,fail,AttributeError,,0.3657,55
LIFXOQ,fail,ArgumentError,,0.2995,39
LIKXIN,fail,AttributeError,,0.1172,77
LILCAL,fail,ArgumentError,,0.1544,67
LIMBAL,fail,ArgumentError,,0.0794,75
LIRLAZ,fail,ArgumentError,,0.2191,75
LIRLED,fail,ArgumentError,,0.1470,69
LIWQOY,fail,ArgumentError,,0.0962,70
LOCGAL,fail,AttributeError,,0.1239,82
LODVOQ,fail,AttributeError,,0.1137,74
LUJFUR,fail,ArgumentError,,0.8169,69
LUKYEV,fail,AttributeError,,0.4176,62
LUNRIX,invalid_charge,invalid_charge,,0.1008,19
LUQNIV,fail,AttributeError,,0.4565,85
MAFMUE,fail,mol_is_none,44.841,0.1947,47
MAMNOE,fail,ArgumentError,,0.1050,74
MAQWEG,fail,AttributeError,,0.4052,55
MASSEH,fail,AttributeError,,0.1589,58
MASSUX,fail,AttributeError,,0.1098,73
MIDLIW,fail,IndexError,,0.4398,36
MIJTUV,fail,AttributeError,,0.1164,67
MIKWIO,timeout,timeout,300.0,0.2417,73
MITYUL,fail,ArgumentError,,0.1349,57
MIWFAB,fail,AttributeError,,0.1272,61
MIYWUM,fail,ArgumentError,,0.0586,52
MIZXIF,fail,mol_is_none,0.2935,0.0665,82
MOGFAQ,timeout,timeout,300.0,0.1277,75
MOHSIN,fail,AttributeError,,0.0662,46
MOMQUB,fail,AttributeError,,0.3806,76
MOQQEO,fail,ArgumentError,,0.4066,51
MULYIC,timeout,timeout,300.0,0.5162,73
MULZIC,fail,ArgumentError,,0.1576,59
MUNFOR,fail,AttributeError,,0.4380,66
MUTSOL,fail,AttributeError,,0.0939,73
MUTTEC,fail,AttributeError,,0.0971,75
MUZNIE,fail,mol_is_none,0.11,0.0716,58
MYNBCO,fail,mol_is_none,0.2926,0.0540,45
NAGXOL,fail,IndexError,,0.2905,78
NAHXID,fail,mol_is_none,0.1165,0.0473,45
NAJVUS,fail,AttributeError,,0.1866,71
NASHIY,fail,mol_is_none,0.0836,0.1202,82
NATZOZ,fail,AttributeError,,0.0756,51
NAWHEA,fail,ArgumentError,,0.0744,51
NAWHIE,fail,ArgumentError,,0.1256,54
NAXDOI,fail,ArgumentError,,0.3322,81
NECLUD,fail,ArgumentError,,0.2327,44
NEXVAN,timeout,timeout,300.0,0.3645,60
NEZXUL,fail,ArgumentError,,0.1405,53
NICCIM,fail,ArgumentError,,0.1339,76
NIGLEW,fail,KekulizeException,,0.3283,81
NIVFUV,fail,ArgumentError,,0.3631,47
NIVGAC,fail,ArgumentError,,0.3638,45
NOFKOJ,fail,ArgumentError,,0.1020,38
NOFNUR,timeout,timeout,300.0,0.4211,73
NOLPIN,fail,mol_is_none,0.2301,0.0678,64
NONHUU,fail,ArgumentError,,0.0802,65
NOSHEI,fail,ArgumentError,,0.3686,63
NOSHIM,fail,ArgumentError,,0.4486,83
NOSHOS,fail,ArgumentError,,0.4494,71
NOTPIV,timeout,timeout,300.0,0.1070,41
NOYYIJ,timeout,timeout,300.0,0.3547,57
NOZROJ,fail,ArgumentError,,0.1115,66
NUHPIR,timeout,timeout,300.0,1.0631,75
NUWWAD,fail,ArgumentError,,0.8054,85
ODAKUZ,fail,mol_is_none,0.0921,0.0549,52
ODUBAS,fail,ArgumentError,,0.1355,71
ODUNIM,fail,AttributeError,,0.1054,66
OFOBEQ,fail,AttributeError,,0.4208,67
OKAPEX,fail,ArgumentError,,0.1182,76
OKAPIB,fail,ArgumentError,,0.2300,73
OLITUZ,fail,ArgumentError,,0.1782,67
OMEYUA,timeout,timeout,300.0,0.3377,77
OPEVIP,timeout,timeout,300.0,0.5742,84
OPUPUL,fail,KekulizeException,,0.3558,48
OTAXUD,fail,ArgumentError,,0.0629,44
OTAYAK,fail,ArgumentError,,0.0920,37
OWUZEN,fail,mol_is_none,0.6887,0.3769,79
OXEZUN,fail,ArgumentError,,0.0816,65
OXIBAZ,fail,ArgumentError,,0.0823,68
OYOLUK,fail,ArgumentError,,0.1815,47
OZOKAQ,fail,AttributeError,,0.0855,74
PACCUT,fail,mol_is_none,0.0665,0.1111,45
PADQOA,fail,AtomValenceException,,0.6114,34
PADQUG,fail,AtomValenceException,,0.5507,34
PASLON,fail,AttributeError,,0.1278,53
PAYPOU,fail,AttributeError,,0.0794,30
PAYPUA,fail,AttributeError,,0.1036,37
PBPNEP,fail,ArgumentError,,0.0862,64
PCPCOS,timeout,timeout,300.0,0.2378,70
PEPPAE,fail,ArgumentError,,0.1442,75
PEVDAV,fail,ArgumentError,,0.1352,84
PIWNUH,fail,ArgumentError,,0.1327,80
PIWPAP,fail,ArgumentError,,0.1317,83
PIWPOD,fail,ArgumentError,,0.1120,74
PIWPUJ,fail,ArgumentError,,0.1308,77
PIXKEP,fail,AttributeError,,0.1146,64
PIYSEV,fail,ArgumentError,,0.5585,71
POFLED,timeout,timeout,300.0,0.5058,58
POQKOY,fail,mol_is_none,0.2597,0.2046,62
PUNTAV,fail,AtomValenceException,,0.1223,66
PUPNIZ,fail,ArgumentError,,0.1782,44
PUPNOF,fail,ArgumentError,,0.2117,47
QADTEX,timeout,timeout,300.0,0.7389,66
QADTIB,timeout,timeout,300.0,0.5502,69
QADTOH,timeout,timeout,300.0,0.5076,74
QAHGUC,fail,ArgumentError,,0.1778,53
QAHZII,fail,AttributeError,,0.5090,52
QECFUZ,fail,AttributeError,,0.0836,56
QEDBOT,fail,ArgumentError,,0.0997,79
QEJSEG,fail,KekulizeException,,0.1433,63
QEKLAU,fail,AttributeError,,0.1303,66
QIDKIZ,timeout,timeout,300.0,0.0466,39
QIDKUL,timeout,timeout,300.0,0.0615,59
QIDZUY,fail,AttributeError,,0.1050,67
QIJWIS,fail,AttributeError,,0.0465,43
QIZREZ,fail,ArgumentError,,0.5449,84
QOQGEK,fail,AtomValenceException,,0.1605,81
QOQGIO,fail,AtomValenceException,,0.1494,66
QOQGUA,fail,AtomValenceException,,0.1388,72
QUBPIM,fail,AttributeError,,0.0619,46
QUJBUU,fail,AttributeError,,0.1092,65
RABVEW,fail,ArgumentError,,0.1163,82
RANNIE,fail,ArgumentError,,0.1229,77
RAPPUU,fail,mol_is_none,1.6031,0.4176,83
RAZDIG,fail,ArgumentError,,0.1530,83
REHFEP,fail,AttributeError,,0.1273,81
REKVUB,fail,ArgumentError,,0.2043,79
REZCIK,fail,mol_is_none,0.073,0.0620,51
RILVOX,fail,mol_is_none,1.5859,0.2306,63
RITCIJ,fail,AttributeError,,0.1168,54
RITXUN,fail,ArgumentError,,0.3336,54
RITYAU,fail,ArgumentError,,0.3916,55
ROJWEV,fail,AttributeError,,0.1070,54
ROJWOF,fail,AttributeError,,0.3903,55
ROMFEE,fail,ArgumentError,,0.1440,85
ROSGEL,fail,AttributeError,,0.0896,57
RUCBEY,fail,AttributeError,,0.1303,79
RUJQIW,fail,AttributeError,,0.0866,52
RUKWOL,fail,KekulizeException,,0.1924,67
RUSFOC,timeout,timeout,300.0,0.5881,74
SACGIO,fail,ArgumentError,,0.1738,83
SACLUG,fail,AttributeError,,0.1882,67
SACMAN,fail,AttributeError,,0.1769,57
SACMIV,fail,AttributeError,,0.1092,73
SAKPEA,fail,AttributeError,,0.1889,80
SAKSIJ,fail,ArgumentError,,0.0920,77
SAKTAC,fail,ArgumentError,,0.0947,78
SEDRUO,fail,AtomValenceException,,0.4958,30
SEFNUO,fail,ArgumentError,,0.2877,59
SEHRED,timeout,timeout,300.0,0.4492,85
SEKMIG,fail,mol_is_none,0.0309,0.1687,45
SEMCUK,fail,ArgumentError,,0.1182,61
SEWCEC,fail,ArgumentError,,0.3754,47
SIDBUF,fail,ArgumentError,,0.1142,72
SIGXIR,fail,AttributeError,,0.1309,71
SILLEG,fail,ArgumentError,,0.0256,39
SOHFOL,fail,AttributeError,,0.0549,27
SOLVEU,fail,ArgumentError,,0.4229,84
SOMZAV,fail,ArgumentError,,0.1124,82
SOQLOZ,fail,ArgumentError,,0.4318,82
SOQZUT,timeout,timeout,300.0,0.0761,59
SORBOQ,timeout,timeout,300.0,0.0796,60
SORDIM,timeout,timeout,300.0,0.1173,64
SOWCIR,fail,ArgumentError,,0.0949,85
SUCBAT,fail,KekulizeException,,0.0959,67
SUNROK,fail,ArgumentError,,0.3732,66
SUNXAB,fail,mol_is_none,1.5096,0.1604,75
SUVVOU,fail,mol_is_none,0.0458,0.0489,48
TAYWIA,fail,AttributeError,,0.0850,67
TAZRAP,timeout,timeout,300.0,0.7510,75
TEDGIS,fail,ArgumentError,,0.3578,45
TEDYIK,fail,AttributeError,,0.0977,54
TIBBIP,fail,ArgumentError,,0.0962,85
TIHSOS,fail,ArgumentError,,0.0820,56
TIKHAY,timeout,timeout,300.0,0.5700,73
TIKHEC,timeout,timeout,300.0,0.5567,73
TITBII,timeout,timeout,300.0,0.9105,80
TIWHAJ,fail,AttributeError,,0.1428,69
TIWHEN,fail,AttributeError,,0.0862,59
TIWHIR,fail,AttributeError,,0.1020,75
TONPIW,fail,AttributeError,,0.0940,62
TOXBOX,fail,ArgumentError,,0.3555,83
TPHDFC,fail,ArgumentError,,0.0789,54
TUBVAP,fail,AttributeError,,0.2573,81
UCIGAP,fail,KekulizeException,,0.1069,63
UCIGUJ,fail,KekulizeException,,0.1699,63
UCILIE,fail,mol_is_none,0.9405,0.1439,82
UCOXUI,timeout,timeout,300.0,1.2726,73
UDOCIA,fail,mol_is_none,0.0618,0.0468,39
UDOPOT,fail,AttributeError,,0.1274,69
UDOQEK,fail,AttributeError,,0.1327,75
UFUHEL,fail,ArgumentError,,0.3409,39
UHEGIX,timeout,timeout,300.0,0.1161,85
UJITAI,fail,ArgumentError,,0.6146,69
ULONOY,fail,ArgumentError,,0.1356,42
UQUXAG,fail,ArgumentError,,0.3060,33
USEKEJ,fail,AttributeError,,0.0998,56
UTANIO,fail,AttributeError,,0.1602,71
UTANOU,fail,AttributeError,,0.1338,67
UTANUA,fail,AttributeError,,0.1525,67
UTAPAI,fail,AttributeError,,0.1948,68
UTEGEG,fail,ArgumentError,,0.0918,68
UTOWEH,fail,ArgumentError,,0.1336,85
UTOXEI,fail,ArgumentError,,0.1428,85
UVEXIE,fail,ArgumentError,,0.0909,69
UVIWON,fail,ArgumentError,,0.1150,81
UVIXAA,fail,ArgumentError,,0.0999,65
UVIXEE,fail,ArgumentError,,0.1130,77
UVIXII,fail,ArgumentError,,0.0974,65
VAHMOG,fail,AttributeError,,0.4659,84
VAJMEA,fail,AttributeError,,0.2695,62
VAMCER,fail,ArgumentError,,0.2537,50
VAVRER,timeout,timeout,300.0,0.2069,61
VEBCOV,fail,AttributeError,,0.4378,77
VEKTIO,fail,AttributeError,,0.3133,61
VEKTOU,fail,AttributeError,,0.3242,61
VENHED,fail,ArgumentError,,0.1486,64
VEXJOZ,fail,KekulizeException,,0.0947,71
VEXKAM,fail,KekulizeException,,0.0958,71
VIDCOA,fail,AttributeError,,0.0574,55
VIRXAW,fail,ArgumentError,,0.1251,67
VIRXIE,fail,ArgumentError,,0.1189,75
VIRXOK,fail,ArgumentError,,0.1294,61
VIWCAG,fail,ArgumentError,,0.1070,69
VIWPIB,fail,ArgumentError,,0.1604,61
VOGLIM,fail,AttributeError,,0.1280,61
VOMBEE,fail,ArgumentError,,0.0736,59
VOVSOQ,fail,AttributeError,,0.0888,61
VOVSUW,fail,AttributeError,,0.0917,67
VOXRIJ,fail,ArgumentError,,0.4297,45
VUDMAJ,fail,AttributeError,,0.1351,72
VUDTUL,fail,ArgumentError,,0.0845,65
VUGCAD,fail,ArgumentError,,0.1138,82
VUNLOF,fail,ArgumentError,,0.0990,76
VUNMEW,fail,ArgumentError,,0.1696,81
WAQBAU,fail,ArgumentError,,0.1010,77
WARQEO,fail,mol_is_none,14.7921,0.1027,79
WAWPAO,fail,ArgumentError,,0.2430,47
WAXFEI,fail,AttributeError,,0.0601,72
WAYKIQ,fail,AttributeError,,0.2092,72
WEDYIO,fail,mol_is_none,0.1294,0.3054,65
WEGQIL,fail,AttributeError,,0.0641,64
WEPGIJ,fail,AttributeError,,0.1930,56
WEPTUI,fail,ArgumentError,,0.1452,82
WEPXEW,fail,AttributeError,,0.1513,85
WETGOS,fail,AttributeError,,0.2107,77
WETKOX,timeout,timeout,300.0,0.4094,79
WEWHEL,fail,AttributeError,,0.0744,55
WEXZUX,fail,ArgumentError,,0.1374,63
WIDPIK,fail,AttributeError,,0.1231,60
WIJREN,fail,ArgumentError,,0.1700,65
WIJZEV,timeout,timeout,300.0,0.5082,71
WILVOE,invalid_charge,invalid_charge,,0.1040,61
WILVUK,invalid_charge,invalid_charge,,0.0567,32
WINJIO,invalid_charge,invalid_charge,,0.1139,65
WIPJUD,fail,AttributeError,,0.1671,80
WIPSAP,timeout,timeout,300.0,0.0944,71
WISHIR,invalid_charge,invalid_charge,,0.1132,77
WISHOX,invalid_charge,invalid_charge,,0.0746,52
WITCOR,fail,AttributeError,,0.0998,73
WIYHOB,fail,ArgumentError,,0.1224,55
WOFQEP,fail,ArgumentError,,0.3748,57
WOJDAB,fail,AttributeError,,0.1295,61
WOKMAL,fail,AttributeError,,0.1839,83
WORCOV,fail,ArgumentError,,0.4394,83
WOWDIX,fail,AttributeError,,0.1544,50
WUHJUF,fail,ArgumentError,,0.2131,64
WUHKAM,fail,ArgumentError,,0.1385,65
WUHLAM,fail,mol_is_none,0.4026,0.1267,85
WUHLEQ,fail,mol_is_none,0.3138,0.2561,77
WUNCIR,fail,ArgumentError,,0.2107,77
WUPDOA,fail,ArgumentError,,0.1158,54
XANREK,fail,ArgumentError,,0.2115,76
XEMTUG,fail,AttributeError,,0.0480,27
XEPVAQ,fail,AttributeError,,0.1205,81
XESBUU,fail,ArgumentError,,0.3529,44
XESCAB,fail,ArgumentError,,0.2562,44
XESCEF,fail,ArgumentError,,0.3650,44
XESCIJ,fail,ArgumentError,,0.2151,44
XESCOP,fail,ArgumentError,,0.3560,44
XESCUV,fail,ArgumentError,,0.2918,44
XESDAC,fail,ArgumentError,,0.3716,44
XEVMAN,fail,mol_is_none,0.0594,0.1525,68
XEYQIB,timeout,timeout,300.0,0.9035,62
XEYQOH,timeout,timeout,300.0,1.0005,62
XIFREM,fail,mol_is_none,181.8125,0.1603,83
XILQAM,fail,AttributeError,,0.1788,81
XITJAN,fail,mol_is_none,0.0602,0.3193,44
XIVLAR,timeout,timeout,300.0,0.4394,85
XIWHAO,fail,ArgumentError,,0.1890,59
XIYYIN,timeout,timeout,300.0,0.1076,80
XOSPIG,timeout,timeout,300.0,0.1503,80
XOSTUW,fail,ArgumentError,,0.0952,64
XOSVAC,fail,ArgumentError,,0.2549,76
XOWMUT,fail,AttributeError,,0.0803,43
XUJXUV,fail,mol_is_none,0.1077,0.0800,57
XUJYAC,fail,mol_is_none,0.1076,0.0785,57
XUKWUX,fail,ArgumentError,,0.1437,82
XUPJAU,fail,ArgumentError,,0.1022,75
XUPJEY,fail,ArgumentError,,0.1463,76
YAFSAC,fail,mol_is_none,0.2335,0.2607,53
YAQCIC,fail,ArgumentError,,0.3984,73
YAVFEG,fail,AttributeError,,0.3352,80
YEBYIQ,fail,AttributeError,,0.0758,50
YEHBAP,fail,AttributeError,,0.0656,84
YEXNIB,fail,mol_is_none,0.1344,0.0754,38
YIBVAG,fail,AttributeError,,0.3400,66
YIBVIO,fail,AttributeError,,0.3217,53
YICKIG,timeout,timeout,300.0,0.5122,71
YICKOM,timeout,timeout,300.0,0.4145,73
YIJLAE,fail,ArgumentError,,0.2206,75
YIRCUX,timeout,timeout,300.0,0.2325,70
YIXGAO,fail,ArgumentError,,0.0923,75
YIZCUF,fail,ArgumentError,,0.2299,68
YOGQAO,fail,AttributeError,,0.1044,65
YOHRAO,fail,AttributeError,,0.5771,70
YOJCOP,fail,AttributeError,,0.4028,60
YOLHOX,fail,ArgumentError,,0.1138,83
YOXKUS,fail,ArgumentError,,0.1949,52
YOXLAZ,fail,ArgumentError,,0.1957,52
YOXYUF,fail,ArgumentError,,0.1661,82
YOXZAM,fail,ArgumentError,,0.1650,84
ZAPJEF,fail,ArgumentError,,0.1597,83
ZAPJIJ,fail,ArgumentError,,0.2026,83
ZAPQIT,fail,AttributeError,,0.1599,63
ZAPQUF,fail,AttributeError,,0.2500,71
ZAXFEL,fail,ArgumentError,,0.0786,38
ZAXFUB,fail,ArgumentError,,0.0820,40
ZEQFEG,fail,ArgumentError,,0.4934,46
ZEQXIC,fail,ArgumentError,,0.1146,75
ZERFAG,fail,ArgumentError,,0.0912,69
ZERFEK,fail,ArgumentError,,0.1744,70
ZEWKAQ,fail,mol_is_none,0.6904,0.3270,83
ZIGHOO,fail,ArgumentError,,0.1108,85
ZISBAE,fail,ArgumentError,,0.1369,85
ZITSIH,fail,mol_is_none,45.2779,0.1486,47
ZOCBEY,fail,AttributeError,,0.3928,75
ZOGCON,fail,AttributeError,,0.3395,42
ZOHTOF,fail,mol_is_none,0.3754,0.0485,40
ZOMPOI,timeout,timeout,300.0,0.1170,77
ZOMPUO,timeout,timeout,300.0,0.1206,85
ZOMQEX,fail,AtomValenceException,,0.0719,61
ZOMVIG,fail,AttributeError,,0.3068,58
ZORNOL,fail,ArgumentError,,0.1033,73
ZOSMIG,fail,ArgumentError,,0.1345,77
ZUHCIO,timeout,timeout,300.0,0.3607,60
ZUSSUB,timeout,timeout,300.0,1.2313,79
