IDs,metal,donor,atom_id,distance_A,cutoff_A,delta_A,category
ABIQOR,Ti,N,5,2.55110,2.47800,0.07310,0.05_to_0.10_above
ABIQUX,Ti,N,5,2.59217,2.47800,0.11417,0.10_to_0.20_above
ACEKAU,Ni,C,6,3.21135,2.43500,0.77635,more_than_0.20_above
ACILAZ,Mo,O,43,2.44765,2.44400,0.00365,0_to_0.025_above
ACORAM,Re,S,2,2.66895,2.60300,0.06595,0.05_to_0.10_above
ACORAM,Re,S,3,2.67049,2.60300,0.06749,0.05_to_0.10_above
ACUJUG,V,N,18,2.45875,2.45000,0.00875,0_to_0.025_above
ACUKOB,V,N,2,2.45971,2.45000,0.00971,0_to_0.025_above
ADIJAZ,Pd,N,5,2.28648,2.27500,0.01148,0_to_0.025_above
ADUMAP,Pt,P,69,2.46779,2.45100,0.01679,0_to_0.025_above
ADUMET,Pt,P,69,2.46762,2.45100,0.01662,0_to_0.025_above
AFIGEB,Nb,C,10,3.03311,2.64000,0.39311,more_than_0.20_above
AFIZEV,W,O,3,2.56016,2.42000,0.14016,0.10_to_0.20_above
AFOZUQ,Pd,P,12,2.48000,2.45800,0.02200,0_to_0.025_above
AFUZIL,Re,O,11,2.34068,2.31200,0.02868,0.025_to_0.05_above
AGECEU,Re,N,2,2.41088,2.35200,0.05888,0.05_to_0.10_above
AHETIS,Mo,O,2,2.47444,2.44400,0.03044,0.025_to_0.05_above
AHETUE,Mo,O,33,2.46562,2.44400,0.02162,0_to_0.025_above
AKAJUT,Re,N,8,2.42991,2.35200,0.07791,0.05_to_0.10_above
AKEROX,Re,O,6,2.38785,2.31200,0.07585,0.05_to_0.10_above
AKERUD,Re,O,6,2.37453,2.31200,0.06253,0.05_to_0.10_above
AKUTIL,Ir,C,16,3.25423,2.36200,0.89223,more_than_0.20_above
ALIBEC,Re,O,2,2.33528,2.31200,0.02328,0_to_0.025_above
ALOJEQ,V,N,2,2.49665,2.45000,0.04665,0.025_to_0.05_above
AMIPOC,Ni,C,7,3.23261,2.43500,0.79761,more_than_0.20_above
APIZIJ,Re,O,4,2.44203,2.31200,0.13003,0.10_to_0.20_above
AQAHIL,Pt,C,14,2.36777,2.36600,0.00177,0_to_0.025_above
AQOBUF,Ir,P,3,2.51436,2.50600,0.00836,0_to_0.025_above
ARAFAC,V,N,5,2.45121,2.45000,0.00121,0_to_0.025_above
AREPUI,Pd,N,8,2.30205,2.27500,0.02705,0.025_to_0.05_above
AREQAP,Pd,N,3,2.28416,2.27500,0.00916,0_to_0.025_above
AREQET,Pd,N,3,2.29208,2.27500,0.01708,0_to_0.025_above
AROJUM,Re,N,7,2.38406,2.35200,0.03206,0.025_to_0.05_above
ARONEA,Ti,C,6,2.62084,2.59200,0.02884,0.025_to_0.05_above
ARONEA,Ti,C,7,2.62948,2.59200,0.03748,0.025_to_0.05_above
ARUVEP,Nb,C,15,3.00326,2.64000,0.36326,more_than_0.20_above
ASESOG,Rh,O,10,2.43748,2.43600,0.00148,0_to_0.025_above
AXAZII,Mo,O,5,2.50667,2.44400,0.06267,0.05_to_0.10_above
AXAZUU,Mo,O,6,2.48531,2.44400,0.04131,0.025_to_0.05_above
AXEBAG,Mo,O,3,2.46870,2.44400,0.02470,0_to_0.025_above
AXEJAP,Pd,N,67,2.30596,2.27500,0.03096,0.025_to_0.05_above
AXUSUH,Pt,N,2,2.29704,2.28600,0.01104,0_to_0.025_above
AXUTOC,Ir,Cl,78,2.59686,2.59100,0.00586,0_to_0.025_above
AYEFOA,Pt,C,79,3.40028,2.36600,1.03428,more_than_0.20_above
BACCAL,Ru,C,59,3.24066,2.39600,0.84466,more_than_0.20_above
BACCEP,Ru,C,30,3.27594,2.39600,0.87994,more_than_0.20_above
BACDER,Re,S,2,2.60318,2.60300,0.00018,0_to_0.025_above
BACDER,Re,S,4,2.60562,2.60300,0.00262,0_to_0.025_above
BACDER,Re,S,3,2.60886,2.60300,0.00586,0_to_0.025_above
BACWOT,Re,N,8,2.35852,2.35200,0.00652,0_to_0.025_above
BACWUZ,Re,N,5,2.37595,2.35200,0.02395,0_to_0.025_above
BACYUB,V,O,7,2.71975,2.41000,0.30975,more_than_0.20_above
BACZAI,V,O,6,2.47836,2.41000,0.06836,0.05_to_0.10_above
BACZEM,V,O,8,2.51593,2.41000,0.10593,0.10_to_0.20_above
BADHAS,Os,C,7,3.26650,2.39500,0.87150,more_than_0.20_above
BAMQOW,Zr,C,5,2.38952,2.71700,-0.32748,within_cutoff_but_pruned
BATPIX,V,O,27,2.48125,2.41000,0.07125,0.05_to_0.10_above
BEFMUX,Ti,O,5,2.37409,2.34500,0.02909,0.025_to_0.05_above
BEHHIF,Ta,O,6,2.43948,2.40700,0.03248,0.025_to_0.05_above
BENGOQ,Mo,N,5,2.58729,2.51800,0.06929,0.05_to_0.10_above
BERBEH,Pd,N,5,2.30670,2.27500,0.03170,0.025_to_0.05_above
BESJEO,Mo,N,7,2.54765,2.51800,0.02965,0.025_to_0.05_above
BESJIS,Mo,N,3,2.61734,2.51800,0.09934,0.05_to_0.10_above
BESJIS,Mo,N,21,2.61749,2.51800,0.09949,0.05_to_0.10_above
BEVKAR,Ru,C,17,2.39801,2.39600,0.00201,0_to_0.025_above
BEWREA,Tc,N,3,2.37667,2.33700,0.03967,0.025_to_0.05_above
BEWREA,Tc,N,15,2.43116,2.33700,0.09416,0.05_to_0.10_above
BEWREB,Ir,C,10,2.37350,2.36200,0.01150,0_to_0.025_above
BEXYIN,V,N,3,2.52254,2.45000,0.07254,0.05_to_0.10_above
BIBJON,Rh,C,39,2.52989,2.43700,0.09289,0.05_to_0.10_above
BIMLEP,Rh,C,5,2.21712,2.43700,-0.21988,within_cutoff_but_pruned
BIPANI,Ni,C,5,3.16873,2.43500,0.73373,more_than_0.20_above
BISPOK,Ni,C,2,2.21747,2.43500,-0.21753,within_cutoff_but_pruned
BIWJEX,Tc,N,6,2.34298,2.33700,0.00598,0_to_0.025_above
BIWJEX,Tc,N,10,2.34307,2.33700,0.00607,0_to_0.025_above
BOCLOU,Re,Cl,2,2.68300,2.59900,0.08400,0.05_to_0.10_above
BOJGUE,Pt,N,4,2.40919,2.28600,0.12319,0.10_to_0.20_above
BOJHEP,Pt,N,5,2.41098,2.28600,0.12498,0.10_to_0.20_above
BOJQAT,Pd,N,4,2.34858,2.27500,0.07358,0.05_to_0.10_above
BOJRUO,Pd,N,3,2.32020,2.27500,0.04520,0.025_to_0.05_above
BOPNAW,Zr,N,17,2.64105,2.60400,0.03705,0.025_to_0.05_above
BOPNAW,Zr,N,15,2.67067,2.60400,0.06667,0.05_to_0.10_above
BOQFOD,Re,Cl,75,2.60064,2.59900,0.00164,0_to_0.025_above
BORBAL,Mo,C,13,3.33564,2.53600,0.79964,more_than_0.20_above
BORBAL,Mo,C,9,3.33573,2.53600,0.79973,more_than_0.20_above
BORZEO,V,O,17,2.46005,2.41000,0.05005,0.05_to_0.10_above
BOTBIW,Re,O,5,2.38693,2.31200,0.07493,0.05_to_0.10_above
BOTBOC,Re,O,5,2.39149,2.31200,0.07949,0.05_to_0.10_above
BOWNOR,Zr,C,14,2.73264,2.71700,0.01564,0_to_0.025_above
BUBJIS,Pt,N,5,2.35697,2.28600,0.07097,0.05_to_0.10_above
BUBKAL,Pd,O,5,2.33470,2.32100,0.01370,0_to_0.025_above
BUBTEY,Zr,C,2,3.70529,2.71700,0.98829,more_than_0.20_above
BUBTEY,Zr,C,41,3.70529,2.71700,0.98829,more_than_0.20_above
BUDHIR,Ti,O,5,3.65360,2.34500,1.30860,more_than_0.20_above
BUJXAF,Au,C,2,2.21778,2.28100,-0.06322,within_cutoff_but_pruned
BUKCAN,Pd,N,2,2.29609,2.27500,0.02109,0_to_0.025_above
BUKCAN,Pd,N,3,2.29616,2.27500,0.02116,0_to_0.025_above
BUKCER,Pd,N,42,2.29464,2.27500,0.01964,0_to_0.025_above
BUKCER,Pd,N,41,2.29473,2.27500,0.01973,0_to_0.025_above
BULKAV,Mo,N,4,2.58218,2.51800,0.06418,0.05_to_0.10_above
BUPTEL,Pd,C,13,2.13265,2.49900,-0.36635,within_cutoff_but_pruned
BUVMAG,Co,C,14,1.99844,2.27000,-0.27156,within_cutoff_but_pruned
BUVMAG,Co,C,16,1.99856,2.27000,-0.27144,within_cutoff_but_pruned
BUYMOY,Mo,O,5,2.55647,2.44400,0.11247,0.10_to_0.20_above
CACWOS,Re,C,39,2.50051,2.41800,0.08251,0.05_to_0.10_above
CAHQUY,Pt,N,3,2.30090,2.28600,0.01490,0_to_0.025_above
CAKGEC,Pt,N,17,2.31536,2.28600,0.02936,0.025_to_0.05_above
CAMDIE,W,C,19,3.03792,2.50200,0.53592,more_than_0.20_above
CAMDUQ,W,C,7,3.03060,2.50200,0.52860,more_than_0.20_above
CAQKAH,W,N,6,2.60395,2.48100,0.12295,0.10_to_0.20_above
CAQWUN,Pt,N,6,2.29651,2.28600,0.01051,0_to_0.025_above
CAQWUN,Pt,N,4,2.29816,2.28600,0.01216,0_to_0.025_above
CAVQEY,W,O,3,2.44342,2.42000,0.02342,0_to_0.025_above
CAVXUT,Pt,N,2,2.29577,2.28600,0.00977,0_to_0.025_above
CAVXUT,Pt,N,4,2.29582,2.28600,0.00982,0_to_0.025_above
CAVYOO,Sc,O,6,2.46067,2.45000,0.01067,0_to_0.025_above
CAVYOO,Sc,O,8,2.49727,2.45000,0.04727,0.025_to_0.05_above
CEGZOE,Re,N,9,2.42389,2.35200,0.07189,0.05_to_0.10_above
CEHGUU,Ir,C,17,2.39154,2.36200,0.02954,0.025_to_0.05_above
CEKWUN,Ti,N,9,2.52328,2.47800,0.04528,0.025_to_0.05_above
CEKWUN,Ti,N,7,2.55643,2.47800,0.07843,0.05_to_0.10_above
CEPYIF,Au,C,3,2.15609,2.28100,-0.12491,within_cutoff_but_pruned
CEQFOV,Pd,N,2,2.30200,2.27500,0.02700,0.025_to_0.05_above
CEQFOV,Pd,N,4,2.30202,2.27500,0.02702,0.025_to_0.05_above
CEQFOV,Pd,N,3,2.30211,2.27500,0.02711,0.025_to_0.05_above
CESGAK,Pt,O,43,2.34308,2.29500,0.04808,0.025_to_0.05_above
CETYAE,Mo,O,14,2.46640,2.44400,0.02240,0_to_0.025_above
CETZEJ,Mo,O,14,2.46513,2.44400,0.02113,0_to_0.025_above
CEYVOS,V,N,18,2.45129,2.45000,0.00129,0_to_0.025_above
CEZRAB,W,N,4,2.59620,2.48100,0.11520,0.10_to_0.20_above
CEZRIJ,W,N,5,2.50129,2.48100,0.02029,0_to_0.025_above
CIDZOF,Hg,C,3,2.16889,2.85100,-0.68211,within_cutoff_but_pruned
CIFBAV,Hg,C,1,2.12447,2.85100,-0.72653,within_cutoff_but_pruned
CIFBID,Hg,C,25,2.17505,2.85100,-0.67595,within_cutoff_but_pruned
CIFBID,Hg,C,3,2.17521,2.85100,-0.67579,within_cutoff_but_pruned
CIGXAT,Nb,C,37,3.19765,2.64000,0.55765,more_than_0.20_above
CIRPAU,Re,C,8,3.35386,2.41800,0.93586,more_than_0.20_above
CIRPAU,Re,C,11,3.35401,2.41800,0.93601,more_than_0.20_above
CIWSEH,Zr,N,5,2.72970,2.60400,0.12570,0.10_to_0.20_above
CIXYUF,Re,N,9,2.35863,2.35200,0.00663,0_to_0.025_above
CIYJUP,Ir,C,26,3.39337,2.36200,1.03137,more_than_0.20_above
COFTOH,Pd,N,82,2.30896,2.27500,0.03396,0.025_to_0.05_above
COJBAF,Pd,N,5,2.37036,2.27500,0.09536,0.05_to_0.10_above
COMBAI,Re,O,22,2.31353,2.31200,0.00153,0_to_0.025_above
COPSAC,Mo,O,7,2.47733,2.44400,0.03333,0.025_to_0.05_above
COPSOQ,Mo,O,6,2.45812,2.44400,0.01412,0_to_0.025_above
CORLAW,Sc,N,7,2.63431,2.57100,0.06331,0.05_to_0.10_above
CORTUB,Re,O,5,2.33284,2.31200,0.02084,0_to_0.025_above
CUDMAR,Mo,O,5,2.47171,2.44400,0.02771,0.025_to_0.05_above
CUDMAR,Mo,O,7,2.47174,2.44400,0.02774,0.025_to_0.05_above
CUKJID,Ir,C,6,2.36532,2.36200,0.00332,0_to_0.025_above
CUMMIH,Mo,O,31,2.50264,2.44400,0.05864,0.05_to_0.10_above
CUQBOH,Pd,C,71,2.06026,2.49900,-0.43874,within_cutoff_but_pruned
CURFAY,Ti,N,5,2.60672,2.47800,0.12872,0.10_to_0.20_above
CUSNIN,Zr,C,10,2.72770,2.71700,0.01070,0_to_0.025_above
CUSNIN,Zr,C,11,2.72775,2.71700,0.01075,0_to_0.025_above
CUSQAI,Zr,C,10,2.71839,2.71700,0.00139,0_to_0.025_above
CUXVAS,Pt,C,34,2.08918,2.36600,-0.27682,within_cutoff_but_pruned
DABKAT,Zr,C,12,2.74265,2.71700,0.02565,0.025_to_0.05_above
DABKAT,Zr,C,13,2.74271,2.71700,0.02571,0.025_to_0.05_above
DACTIK,W,C,14,3.02495,2.50200,0.52295,more_than_0.20_above
DACTOQ,W,C,6,3.33061,2.50200,0.82861,more_than_0.20_above
DAGNUV,Pd,N,74,2.27969,2.27500,0.00469,0_to_0.025_above
DAHLIJ,Re,C,10,3.10174,2.41800,0.68374,more_than_0.20_above
DAJPEL,Hf,N,74,2.68580,2.55800,0.12780,0.10_to_0.20_above
DAJPEL,Hf,N,6,2.69752,2.55800,0.13952,0.10_to_0.20_above
DAKNEI,Ni,C,12,3.17046,2.43500,0.73546,more_than_0.20_above
DANLAF,Ni,C,30,3.33870,2.43500,0.90370,more_than_0.20_above
DAPZIF,Pd,N,5,2.56715,2.27500,0.29215,more_than_0.20_above
DAZGOD,V,O,7,2.54260,2.41000,0.13260,0.10_to_0.20_above
DEBYAL,Pt,Cl,73,2.51223,2.50100,0.01123,0_to_0.025_above
DEDVIS,Ir,Br,78,2.74901,2.73500,0.01401,0_to_0.025_above
DEFHAY,Re,S,4,2.74683,2.60300,0.14383,0.10_to_0.20_above
DEGZUN,Ni,C,1,1.83751,2.43500,-0.59749,within_cutoff_but_pruned
DEJTOD,Rh,C,8,2.43716,2.43700,0.00016,0_to_0.025_above
DEJTOD,Rh,C,7,2.48792,2.43700,0.05092,0.05_to_0.10_above
DEJXAS,Ti,N,2,2.55963,2.47800,0.08163,0.05_to_0.10_above
DEJXAS,Ti,N,31,2.55963,2.47800,0.08163,0.05_to_0.10_above
DELHUX,W,C,7,2.57701,2.50200,0.07501,0.05_to_0.10_above
DELHUX,W,C,8,2.57874,2.50200,0.07674,0.05_to_0.10_above
DEMFEJ,Mo,N,71,2.52124,2.51800,0.00324,0_to_0.025_above
DENREU,Ni,C,53,3.17048,2.43500,0.73548,more_than_0.20_above
DENROE,Ni,C,62,3.24382,2.43500,0.80882,more_than_0.20_above
DEPQAR,Re,N,2,2.41449,2.35200,0.06249,0.05_to_0.10_above
DESDOX,Pd,O,19,2.49334,2.32100,0.17234,0.10_to_0.20_above
DESVON,Ti,N,66,2.52856,2.47800,0.05056,0.05_to_0.10_above
DESWAA,Ti,N,51,2.51226,2.47800,0.03426,0.025_to_0.05_above
DETSED,Mo,O,8,2.48743,2.44400,0.04343,0.025_to_0.05_above
DEXBIS,Pt,C,6,3.24380,2.36600,0.87780,more_than_0.20_above
DEYJAU,Mo,O,11,2.47788,2.44400,0.03388,0.025_to_0.05_above
DIBLIK,Mo,N,6,2.53167,2.51800,0.01367,0_to_0.025_above
DIQVII,Rh,N,6,2.38181,2.36700,0.01481,0_to_0.025_above
DISDEP,Re,N,9,2.37902,2.35200,0.02702,0.025_to_0.05_above
DITWOV,Zn,N,6,2.48529,2.43300,0.05229,0.05_to_0.10_above
DITWOV,Zn,N,40,2.48644,2.43300,0.05344,0.05_to_0.10_above
DIZCOF,W,N,7,2.56633,2.48100,0.08533,0.05_to_0.10_above
DODXIE,Ir,C,8,2.38327,2.36200,0.02127,0_to_0.025_above
DODXIE,Ir,C,10,2.39906,2.36200,0.03706,0.025_to_0.05_above
DODXIE,Ir,C,6,2.40472,2.36200,0.04272,0.025_to_0.05_above
DODXIE,Ir,C,12,2.40490,2.36200,0.04290,0.025_to_0.05_above
DODXOK,Ir,C,11,2.36863,2.36200,0.00663,0_to_0.025_above
DODXOK,Ir,C,9,2.38902,2.36200,0.02702,0.025_to_0.05_above
DODXOK,Ir,C,3,2.40570,2.36200,0.04370,0.025_to_0.05_above
DODXOK,Ir,C,2,2.45707,2.36200,0.09507,0.05_to_0.10_above
DOFPOE,Pt,N,6,2.29203,2.28600,0.00603,0_to_0.025_above
DOHLIV,W,C,3,2.52099,2.50200,0.01899,0_to_0.025_above
DOHNET,Pt,N,2,2.32822,2.28600,0.04222,0.025_to_0.05_above
DOHNIX,Pt,N,39,2.33980,2.28600,0.05380,0.05_to_0.10_above
DOHPUL,Pt,N,2,2.49976,2.28600,0.21376,more_than_0.20_above
DOJBAI,Re,O,2,2.34179,2.31200,0.02979,0.025_to_0.05_above
DOJXUV,Cr,C,14,2.44357,2.40800,0.03557,0.025_to_0.05_above
DOSXEQ,Ti,C,16,2.60979,2.59200,0.01779,0_to_0.025_above
DUBJEP,W,N,34,2.48916,2.48100,0.00816,0_to_0.025_above
DUBVEC,Os,N,16,2.33127,2.31900,0.01227,0_to_0.025_above
DUBVEC,Os,N,12,2.34685,2.31900,0.02785,0.025_to_0.05_above
DUFZEL,Pd,C,21,2.41066,2.49900,-0.08834,within_cutoff_but_pruned
DUFZEL,Pd,C,22,2.58881,2.49900,0.08981,0.05_to_0.10_above
DULSEI,Ni,C,10,2.00039,2.43500,-0.43461,within_cutoff_but_pruned
DULSEI,Ni,C,35,2.00047,2.43500,-0.43453,within_cutoff_but_pruned
DUNPOT,Zr,C,14,2.72088,2.71700,0.00388,0_to_0.025_above
DUNPOT,Zr,C,9,2.72355,2.71700,0.00655,0_to_0.025_above
DUQRAK,V,O,8,2.42122,2.41000,0.01122,0_to_0.025_above
DUSSAL,Ni,S,5,2.67918,2.62200,0.05718,0.05_to_0.10_above
DUSSAL,Ni,S,4,2.68086,2.62200,0.05886,0.05_to_0.10_above
DUTGOO,Pt,N,4,2.28612,2.28600,0.00012,0_to_0.025_above
EAIVCO,Co,O,43,2.37229,2.22900,0.14329,0.10_to_0.20_above
ECECIY,Re,O,7,2.49210,2.31200,0.18010,0.10_to_0.20_above
ECIGUT,Pt,C,19,2.39386,2.36600,0.02786,0.025_to_0.05_above
ECIGUT,Pt,C,45,2.43613,2.36600,0.07013,0.05_to_0.10_above
ECIGUT,Pt,C,4,2.90444,2.36600,0.53844,more_than_0.20_above
ECIGUT,Pt,C,39,3.03850,2.36600,0.67250,more_than_0.20_above
ECOTEV,Rh,C,51,2.44619,2.43700,0.00919,0_to_0.025_above
ECOTEV,Rh,C,50,2.47606,2.43700,0.03906,0.025_to_0.05_above
EDUMAR,Zr,C,40,4.60882,2.71700,1.89182,more_than_0.20_above
EDUMAR,Zr,C,28,4.60910,2.71700,1.89210,more_than_0.20_above
EFUGOB,Rh,N,18,2.39676,2.36700,0.02976,0.025_to_0.05_above
EGAVOZ,Re,O,7,2.42748,2.31200,0.11548,0.10_to_0.20_above
EJUHOI,V,N,6,2.45237,2.45000,0.00237,0_to_0.025_above
EKAVAN,Pd,N,40,2.31383,2.27500,0.03883,0.025_to_0.05_above
ELOLOG,Re,N,4,2.40958,2.35200,0.05758,0.05_to_0.10_above
ELUGUN,Re,Cl,4,2.72019,2.59900,0.12119,0.10_to_0.20_above
ENEGAF,Pd,N,4,2.28611,2.27500,0.01111,0_to_0.025_above
ENEGIN,Pd,N,3,2.27594,2.27500,0.00094,0_to_0.025_above
EQIBOX,Mo,N,3,2.54379,2.51800,0.02579,0.025_to_0.05_above
EQIREC,Re,N,10,2.40541,2.35200,0.05341,0.05_to_0.10_above
EQUKAD,Re,N,7,2.38939,2.35200,0.03739,0.025_to_0.05_above
ESOBUJ,Ta,C,41,3.32885,2.62300,0.70585,more_than_0.20_above
ESORIN,Ti,N,56,2.50461,2.47800,0.02661,0.025_to_0.05_above
ETEDEO,Re,O,3,2.32885,2.31200,0.01685,0_to_0.025_above
EWEYAG,Pt,S,4,2.60277,2.51100,0.09177,0.05_to_0.10_above
EWIYEP,Au,C,12,2.28124,2.28100,0.00024,0_to_0.025_above
EWIYEP,Au,C,7,2.35754,2.28100,0.07654,0.05_to_0.10_above
EWUVUN,Pt,S,3,2.53903,2.51100,0.02803,0.025_to_0.05_above
EYENAX,Mn,C,21,2.28769,2.35700,-0.06931,within_cutoff_but_pruned
EYUNUJ,Re,Cl,3,2.61148,2.59900,0.01248,0_to_0.025_above
EZEWEL,Re,O,9,2.32837,2.31200,0.01637,0_to_0.025_above
FABWIO,W,N,6,2.50004,2.48100,0.01904,0_to_0.025_above
FABZEN,W,N,6,2.48232,2.48100,0.00132,0_to_0.025_above
FABZEN,W,N,7,2.54372,2.48100,0.06272,0.05_to_0.10_above
FABZIR,W,N,4,2.50843,2.48100,0.02743,0.025_to_0.05_above
FABZIR,W,N,27,2.50880,2.48100,0.02780,0.025_to_0.05_above
FAGKUT,Zr,C,8,3.58243,2.71700,0.86543,more_than_0.20_above
FAJDAW,Rh,C,23,2.44793,2.43700,0.01093,0_to_0.025_above
FAJDAW,Rh,C,45,2.45016,2.43700,0.01316,0_to_0.025_above
FAKJOR,Re,N,4,2.38157,2.35200,0.02957,0.025_to_0.05_above
FAPSIB,Fe,C,69,3.23411,2.32900,0.90511,more_than_0.20_above
FAVTUT,Ta,O,7,2.41826,2.40700,0.01126,0_to_0.025_above
FAWQID,Re,Se,4,2.71078,2.70100,0.00978,0_to_0.025_above
FAWQID,Re,Se,3,2.71084,2.70100,0.00984,0_to_0.025_above
FEHQOY,Ru,C,21,2.45788,2.39600,0.06188,0.05_to_0.10_above
FEKGUA,Pt,N,5,2.30077,2.28600,0.01477,0_to_0.025_above
FENNIX,Ti,N,10,2.51233,2.47800,0.03433,0.025_to_0.05_above
FENQAQ,Zr,C,11,2.72720,2.71700,0.01020,0_to_0.025_above
FEPFOW,Zr,N,3,2.62316,2.60400,0.01916,0_to_0.025_above
FESBAH,Pd,N,5,2.54839,2.27500,0.27339,more_than_0.20_above
FEVQOO,Pd,N,3,2.31082,2.27500,0.03582,0.025_to_0.05_above
FEVQOO,Pd,N,2,2.31083,2.27500,0.03583,0.025_to_0.05_above
FEVQUU,Pd,N,2,2.31423,2.27500,0.03923,0.025_to_0.05_above
FEVQUU,Pd,N,3,2.31457,2.27500,0.03957,0.025_to_0.05_above
FEVTIM,Ni,C,2,3.23306,2.43500,0.79806,more_than_0.20_above
FEWLIF,Mo,O,15,2.57196,2.44400,0.12796,0.10_to_0.20_above
FEWVIN,Pt,C,5,3.25269,2.36600,0.88669,more_than_0.20_above
FEWWEK,Pt,C,15,3.31284,2.36600,0.94684,more_than_0.20_above
FEWWOT,Zr,C,8,3.57512,2.71700,0.85812,more_than_0.20_above
FEXNOM,Re,Cl,2,2.60518,2.59900,0.00618,0_to_0.025_above
FEXRIJ,Mo,O,6,2.51635,2.44400,0.07235,0.05_to_0.10_above
FEYBUI,Pt,N,55,2.29856,2.28600,0.01256,0_to_0.025_above
FEZJAX,Mo,O,8,2.50232,2.44400,0.05832,0.05_to_0.10_above
FEZQUZ,Pt,N,7,2.32666,2.28600,0.04066,0.025_to_0.05_above
FEZRAG,Pt,N,7,2.32390,2.28600,0.03790,0.025_to_0.05_above
FIGHOT,Zr,O,60,2.58393,2.51900,0.06493,0.05_to_0.10_above
FIGHOT,Zr,O,59,2.58399,2.51900,0.06499,0.05_to_0.10_above
FIJSOH,V,N,27,2.45344,2.45000,0.00344,0_to_0.025_above
FIPPAV,Pd,N,4,2.31400,2.27500,0.03900,0.025_to_0.05_above
FIPPAV,Pd,N,3,2.31880,2.27500,0.04380,0.025_to_0.05_above
FIRJOH,Mo,O,10,2.50156,2.44400,0.05756,0.05_to_0.10_above
FIWTAG,Mo,C,34,3.05519,2.53600,0.51919,more_than_0.20_above
FODBAB,Pd,N,4,2.27731,2.27500,0.00231,0_to_0.025_above
FOKVIN,W,C,13,3.36924,2.50200,0.86724,more_than_0.20_above
FOKVIN,W,C,3,3.37236,2.50200,0.87036,more_than_0.20_above
FOMHEU,Cu,C,2,2.81686,2.67200,0.14486,0.10_to_0.20_above
FOPDAR,Zr,C,27,3.26365,2.71700,0.54665,more_than_0.20_above
FORNIL,Fe,C,30,2.88009,2.32900,0.55109,more_than_0.20_above
FOVFAZ,Hf,N,2,2.55945,2.55800,0.00145,0_to_0.025_above
FOXZOH,Mo,O,7,2.55291,2.44400,0.10891,0.10_to_0.20_above
FUBVII,Pd,N,6,2.28078,2.27500,0.00578,0_to_0.025_above
FUHXIQ,Pd,N,7,2.28134,2.27500,0.00634,0_to_0.025_above
FUNNUX,Pt,S,3,2.54769,2.51100,0.03669,0.025_to_0.05_above
FUNPIO,Pd,N,4,2.31428,2.27500,0.03928,0.025_to_0.05_above
FUQHOQ,Re,N,27,2.40061,2.35200,0.04861,0.025_to_0.05_above
FUQTIW,Ir,C,23,2.20323,2.36200,-0.15877,within_cutoff_but_pruned
FUQTOC,Ir,C,23,2.18121,2.36200,-0.18079,within_cutoff_but_pruned
FUYWUT,Pt,N,3,2.30301,2.28600,0.01701,0_to_0.025_above
FUYWUT,Pt,N,4,2.34660,2.28600,0.06060,0.05_to_0.10_above
GAGCUN,Os,C,47,2.39585,2.39500,0.00085,0_to_0.025_above
GAGCUN,Os,C,45,2.42342,2.39500,0.02842,0.025_to_0.05_above
GAKQUE,Rh,C,28,3.18395,2.43700,0.74695,more_than_0.20_above
GALNUF,Ir,C,39,3.10182,2.36200,0.73982,more_than_0.20_above
GALNUF,Ir,C,47,3.10197,2.36200,0.73997,more_than_0.20_above
GAYKUO,Ru,N,7,2.55096,2.33000,0.22096,more_than_0.20_above
GECFID,V,N,10,2.50082,2.45000,0.05082,0.05_to_0.10_above
GECHEB,Pt,N,3,2.31758,2.28600,0.03158,0.025_to_0.05_above
GECHEB,Pt,N,29,2.31758,2.28600,0.03158,0.025_to_0.05_above
GEDMOS,Nb,C,51,3.38369,2.64000,0.74369,more_than_0.20_above
GEGHEG,Pd,O,2,2.34503,2.32100,0.02403,0_to_0.025_above
GEGMOW,Re,O,10,2.31774,2.31200,0.00574,0_to_0.025_above
GEKCAA,Re,C,7,2.55287,2.41800,0.13487,0.10_to_0.20_above
GEKCAA,Re,C,11,2.55775,2.41800,0.13975,0.10_to_0.20_above
GEKYIE,Co,C,23,3.88868,2.27000,1.61868,more_than_0.20_above
GELDEG,Co,C,52,3.99225,2.27000,1.72225,more_than_0.20_above
GELDIK,Co,C,43,3.18730,2.27000,0.91730,more_than_0.20_above
GELGEJ,Co,C,39,3.18063,2.27000,0.91063,more_than_0.20_above
GEQXAC,Pd,N,10,2.29030,2.27500,0.01530,0_to_0.025_above
GESZEJ,Ni,C,6,3.12207,2.43500,0.68707,more_than_0.20_above
GEZNIK,Re,S,2,2.60914,2.60300,0.00614,0_to_0.025_above
GIGSAT,Mo,N,46,2.52386,2.51800,0.00586,0_to_0.025_above
GIJXEC,Re,C,13,3.27914,2.41800,0.86114,more_than_0.20_above
GIMLUJ,W,C,18,2.55678,2.50200,0.05478,0.05_to_0.10_above
GIMLUJ,W,C,17,2.57329,2.50200,0.07129,0.05_to_0.10_above
GIMVIJ,Ni,C,43,3.16727,2.43500,0.73227,more_than_0.20_above
GINROK,Y,O,6,2.67314,2.66300,0.01014,0_to_0.025_above
GIYBOH,Mo,N,14,2.57625,2.51800,0.05825,0.05_to_0.10_above
GOFVUS,Ru,O,4,2.41709,2.41400,0.00309,0_to_0.025_above
GOMLUP,Ti,O,6,4.46022,2.34500,2.11522,more_than_0.20_above
GOMREH,Mn,C,15,2.37298,2.35700,0.01598,0_to_0.025_above
GOPQIL,Pd,N,5,2.35196,2.27500,0.07696,0.05_to_0.10_above
GOZJIO,Pt,O,50,2.32167,2.29500,0.02667,0.025_to_0.05_above
GOZJIO,Pt,O,51,2.32880,2.29500,0.03380,0.025_to_0.05_above
GOZJIO,Pt,O,44,2.34447,2.29500,0.04947,0.025_to_0.05_above
GUFLEA,Pt,N,16,2.33714,2.28600,0.05114,0.05_to_0.10_above
GUHYEN,Zr,N,8,2.61571,2.60400,0.01171,0_to_0.025_above
GULMEF,Ni,C,15,3.27223,2.43500,0.83723,more_than_0.20_above
GULQIO,V,O,29,2.43056,2.41000,0.02056,0_to_0.025_above
GUQDIG,Pd,N,6,2.30409,2.27500,0.02909,0.025_to_0.05_above
GUSKUA,Rh,C,15,3.28348,2.43700,0.84648,more_than_0.20_above
GUTJEL,Re,N,7,2.49534,2.35200,0.14334,0.10_to_0.20_above
GUTMEO,Re,N,7,2.39960,2.35200,0.04760,0.025_to_0.05_above
HACQEI,Re,S,2,2.64069,2.60300,0.03769,0.025_to_0.05_above
HACVUC,W,C,9,3.19747,2.50200,0.69547,more_than_0.20_above
HACVUC,W,C,8,3.19754,2.50200,0.69554,more_than_0.20_above
HADPIL,W,C,38,3.14758,2.50200,0.64558,more_than_0.20_above
HADPIL,W,C,39,3.14870,2.50200,0.64670,more_than_0.20_above
HADTUE,Mo,C,36,2.62347,2.53600,0.08747,0.05_to_0.10_above
HADTUE,Mo,C,4,2.65308,2.53600,0.11708,0.10_to_0.20_above
HAGDOI,Mo,N,6,2.58414,2.51800,0.06614,0.05_to_0.10_above
HAJHUV,Re,C,17,2.34519,2.41800,-0.07281,within_cutoff_but_pruned
HALFEG,Hf,N,3,2.60312,2.55800,0.04512,0.025_to_0.05_above
HALFEG,Hf,N,5,2.71878,2.55800,0.16078,0.10_to_0.20_above
HAMVOG,Cu,C,15,3.20536,2.67200,0.53336,more_than_0.20_above
HAPSUM,Pt,C,33,2.32656,2.36600,-0.03944,within_cutoff_but_pruned
HAPSUM,Pt,C,31,2.33222,2.36600,-0.03378,within_cutoff_but_pruned
HAPSUM,Pt,C,30,2.38272,2.36600,0.01672,0_to_0.025_above
HAPSUM,Pt,C,32,2.38948,2.36600,0.02348,0_to_0.025_above
HAPSUM,Pt,C,34,2.40353,2.36600,0.03753,0.025_to_0.05_above
HARPUL,W,N,3,2.63001,2.48100,0.14901,0.10_to_0.20_above
HAVMUN,Re,Si,2,2.67997,2.67400,0.00597,0_to_0.025_above
HAXZEM,Pt,C,27,2.35092,2.36600,-0.01508,within_cutoff_but_pruned
HAXZEM,Pt,C,25,2.36780,2.36600,0.00180,0_to_0.025_above
HAZFOG,Re,N,43,2.41129,2.35200,0.05929,0.05_to_0.10_above
HEDGEE,Pt,C,6,3.32796,2.36600,0.96196,more_than_0.20_above
HEDGEF,Pd,C,5,2.08378,2.49900,-0.41522,within_cutoff_but_pruned
HEDGII,Pt,C,10,3.31067,2.36600,0.94467,more_than_0.20_above
HEDGOO,Pt,C,6,3.34752,2.36600,0.98152,more_than_0.20_above
HEDHEF,Pt,C,45,3.06012,2.36600,0.69412,more_than_0.20_above
HEDHEF,Pt,N,3,2.30110,2.28600,0.01510,0_to_0.025_above
HEDRIU,Ru,C,40,3.27984,2.39600,0.88384,more_than_0.20_above
HEDRUG,Ru,C,54,3.23633,2.39600,0.84033,more_than_0.20_above
HEDXIA,Rh,C,7,2.44408,2.43700,0.00708,0_to_0.025_above
HEDXIA,Rh,C,5,2.45589,2.43700,0.01889,0_to_0.025_above
HEDXIA,Rh,C,6,2.51535,2.43700,0.07835,0.05_to_0.10_above
HEGZOI,Pd,C,15,2.50802,2.49900,0.00902,0_to_0.025_above
HERKAQ,Rh,C,10,2.45137,2.43700,0.01437,0_to_0.025_above
HERQEA,Rh,C,9,2.53059,2.43700,0.09359,0.05_to_0.10_above
HERQEA,Rh,C,8,2.59327,2.43700,0.15627,0.10_to_0.20_above
HEWCUI,V,N,62,2.56923,2.45000,0.11923,0.10_to_0.20_above
HEZVUF,Ru,C,9,2.55666,2.39600,0.16066,0.10_to_0.20_above
HIBXEX,Pd,N,3,2.29387,2.27500,0.01887,0_to_0.025_above
HIBXEX,Pd,N,32,2.32339,2.27500,0.04839,0.025_to_0.05_above
HIBXEX,Pd,N,2,2.32366,2.27500,0.04866,0.025_to_0.05_above
HIJMIW,Re,S,4,2.61236,2.60300,0.00936,0_to_0.025_above
HIJMIW,Re,S,2,2.62483,2.60300,0.02183,0_to_0.025_above
HIJMOC,Re,S,3,2.62653,2.60300,0.02353,0_to_0.025_above
HIJTUP,Pt,N,3,2.30947,2.28600,0.02347,0_to_0.025_above
HIJTUP,Pt,N,2,2.30948,2.28600,0.02348,0_to_0.025_above
HINJEU,Ni,N,3,2.92252,2.62000,0.30252,more_than_0.20_above
HINVEF,Mo,N,9,2.55251,2.51800,0.03451,0.025_to_0.05_above
HINVEF,Mo,N,8,2.55266,2.51800,0.03466,0.025_to_0.05_above
HINVIJ,W,N,7,2.50461,2.48100,0.02361,0_to_0.025_above
HINVIJ,W,N,6,2.50466,2.48100,0.02366,0_to_0.025_above
HIRYIQ,Pt,O,41,2.30242,2.29500,0.00742,0_to_0.025_above
HIRYIQ,Pt,O,40,2.30404,2.29500,0.00904,0_to_0.025_above
HIRYIQ,Pt,O,42,2.30430,2.29500,0.00930,0_to_0.025_above
HIRYOW,Pt,O,33,2.34286,2.29500,0.04786,0.025_to_0.05_above
HIRYOW,Pt,O,27,2.36675,2.29500,0.07175,0.05_to_0.10_above
HIRYOW,Pt,O,31,2.36969,2.29500,0.07469,0.05_to_0.10_above
HIVZOD,Mo,O,10,2.48760,2.44400,0.04360,0.025_to_0.05_above
HIZSUE,Pt,N,5,2.34621,2.28600,0.06021,0.05_to_0.10_above
HIZVIV,Pd,N,3,2.30840,2.27500,0.03340,0.025_to_0.05_above
HOFKOF,V,O,7,2.41028,2.41000,0.00028,0_to_0.025_above
HOKTEH,Pt,Cl,2,2.50481,2.50100,0.00381,0_to_0.025_above
HOMRUW,Os,N,11,2.33384,2.31900,0.01484,0_to_0.025_above
HOPVOY,Mo,O,28,2.48350,2.44400,0.03950,0.025_to_0.05_above
HOPVUE,Mo,O,10,2.44487,2.44400,0.00087,0_to_0.025_above
HOQJEC,Ti,N,5,2.52211,2.47800,0.04411,0.025_to_0.05_above
HOSFIF,Mo,C,10,3.16918,2.53600,0.63318,more_than_0.20_above
HUDYAG,Re,N,7,2.50201,2.35200,0.15001,0.10_to_0.20_above
HUNHEF,Au,P,3,2.49962,2.49200,0.00762,0_to_0.025_above
HUQGOQ,Re,N,23,2.36547,2.35200,0.01347,0_to_0.025_above
HURRIW,Ru,N,10,2.36318,2.33000,0.03318,0.025_to_0.05_above
HUSTIA,W,O,5,2.42717,2.42000,0.00717,0_to_0.025_above
HUTVUO,Re,N,10,2.41788,2.35200,0.06588,0.05_to_0.10_above
HUYJEQ,Re,C,8,2.44417,2.41800,0.02617,0.025_to_0.05_above
IBAZAP,Ir,C,13,2.38216,2.36200,0.02016,0_to_0.025_above
IBILOU,Ir,Cl,2,2.59721,2.59100,0.00621,0_to_0.025_above
IBUWEH,W,N,6,2.52229,2.48100,0.04129,0.025_to_0.05_above
IBUWIL,Ti,N,4,2.56961,2.47800,0.09161,0.05_to_0.10_above
ICAYUG,Pt,S,20,2.53817,2.51100,0.02717,0.025_to_0.05_above
ICEFIF,Pd,N,9,2.30540,2.27500,0.03040,0.025_to_0.05_above
ICEFOL,Pd,N,11,2.30545,2.27500,0.03045,0.025_to_0.05_above
ICEFUR,Pd,N,4,2.28580,2.27500,0.01080,0_to_0.025_above
ICEGAY,Pd,N,11,2.27857,2.27500,0.00357,0_to_0.025_above
ICIGIL,W,N,7,2.65037,2.48100,0.16937,0.10_to_0.20_above
ICOKUI,Pt,O,25,2.38993,2.29500,0.09493,0.05_to_0.10_above
ICURED,Zr,C,4,2.72486,2.71700,0.00786,0_to_0.025_above
ICURED,Zr,C,3,2.72550,2.71700,0.00850,0_to_0.025_above
IDATEN,Pt,C,68,3.27322,2.36600,0.90722,more_than_0.20_above
IDATEN,Pt,C,52,3.30701,2.36600,0.94101,more_than_0.20_above
IFALUW,Re,N,19,2.40327,2.35200,0.05127,0.05_to_0.10_above
IMEVEC,Re,N,57,2.35785,2.35200,0.00585,0_to_0.025_above
IMEWUT,Zr,N,3,2.62615,2.60400,0.02215,0_to_0.025_above
IMOBIW,Pt,N,2,2.31417,2.28600,0.02817,0.025_to_0.05_above
IMOBIW,Pt,N,3,2.31422,2.28600,0.02822,0.025_to_0.05_above
IPAMIW,Mo,N,2,2.51848,2.51800,0.00048,0_to_0.025_above
IQEYAE,Zr,C,41,3.74740,2.71700,1.03040,more_than_0.20_above
IQEYAE,Zr,C,19,3.74745,2.71700,1.03045,more_than_0.20_above
IRAXIJ,Re,O,39,2.33701,2.31200,0.02501,0.025_to_0.05_above
IRUCEE,Mo,O,38,2.49006,2.44400,0.04606,0.025_to_0.05_above
ISUZAX,Zr,N,5,2.61412,2.60400,0.01012,0_to_0.025_above
ITUNUH,Pt,Br,2,2.71755,2.67500,0.04255,0.025_to_0.05_above
IWEJOJ,Re,N,11,2.43221,2.35200,0.08021,0.05_to_0.10_above
IWULUH,Cu,C,9,3.06659,2.67200,0.39459,more_than_0.20_above
IXASAD,Mo,O,6,2.49572,2.44400,0.05172,0.05_to_0.10_above
IXEDAS,Mo,O,5,2.48991,2.44400,0.04591,0.025_to_0.05_above
IYEWOZ,Re,N,10,2.40682,2.35200,0.05482,0.05_to_0.10_above
IYEWUF,Re,N,10,2.40881,2.35200,0.05681,0.05_to_0.10_above
IYEXUG,Re,N,9,2.38786,2.35200,0.03586,0.025_to_0.05_above
IZAGEW,Cu,C,11,3.08603,2.67200,0.41403,more_than_0.20_above
IZICOJ,Zr,C,14,2.74703,2.71700,0.03003,0.025_to_0.05_above
IZICOJ,Zr,C,15,2.74733,2.71700,0.03033,0.025_to_0.05_above
IZORIZ,Re,O,5,2.34232,2.31200,0.03032,0.025_to_0.05_above
IZUDOX,Hf,C,23,2.71533,2.71100,0.00433,0_to_0.025_above
IZUDOX,Hf,C,22,2.72526,2.71100,0.01426,0_to_0.025_above
IZUFEP,Hf,C,44,2.71531,2.71100,0.00431,0_to_0.025_above
JADFAY,V,N,5,2.45429,2.45000,0.00429,0_to_0.025_above
JADFEC,V,N,5,2.45206,2.45000,0.00206,0_to_0.025_above
JAGKUX,Re,C,8,3.18024,2.41800,0.76224,more_than_0.20_above
JAGKUX,Re,C,22,3.36728,2.41800,0.94928,more_than_0.20_above
JAKKAI,Ti,O,5,2.47024,2.34500,0.12524,0.10_to_0.20_above
JAKKIQ,Ti,N,4,2.65084,2.47800,0.17284,0.10_to_0.20_above
JAKKOW,Ti,N,5,2.64396,2.47800,0.16596,0.10_to_0.20_above
JAKWAU,Pt,Cl,3,2.50826,2.50100,0.00726,0_to_0.025_above
JALVUO,Zr,C,36,2.73795,2.71700,0.02095,0_to_0.025_above
JAPPEW,Re,P,5,2.62765,2.58900,0.03865,0.025_to_0.05_above
JAPPEW,Re,P,6,2.66416,2.58900,0.07516,0.05_to_0.10_above
JAQPAS,Ti,Cl,4,2.66431,2.51500,0.14931,0.10_to_0.20_above
JARSEA,Pt,N,9,2.33952,2.28600,0.05352,0.05_to_0.10_above
JATXOS,Nb,C,34,3.31818,2.64000,0.67818,more_than_0.20_above
JAXVOT,Pd,N,3,2.30820,2.27500,0.03320,0.025_to_0.05_above
JEFFIK,Pt,C,11,3.25224,2.36600,0.88624,more_than_0.20_above
JEFJIO,Pd,N,4,2.34498,2.27500,0.06998,0.05_to_0.10_above
JEFSET,Re,N,10,2.36261,2.35200,0.01061,0_to_0.025_above
JEGNIS,Cu,C,25,3.17000,2.67200,0.49800,more_than_0.20_above
JEGPEQ,Cu,C,31,2.90280,2.67200,0.23080,more_than_0.20_above
JEGPUG,Cu,C,6,2.88335,2.67200,0.21135,more_than_0.20_above
JEGQAN,Cu,C,39,2.90115,2.67200,0.22915,more_than_0.20_above
JEGQER,Cu,C,13,2.91520,2.67200,0.24320,more_than_0.20_above
JEHQUL,Pt,N,5,2.29933,2.28600,0.01333,0_to_0.025_above
JEHRAS,Pt,N,6,2.36020,2.28600,0.07420,0.05_to_0.10_above
JEHREW,Pt,N,7,2.37330,2.28600,0.08730,0.05_to_0.10_above
JENPOI,Ni,C,65,3.14659,2.43500,0.71159,more_than_0.20_above
JENPOI,Ni,C,26,3.16041,2.43500,0.72541,more_than_0.20_above
JERCEO,V,C,11,3.27146,2.45800,0.81346,more_than_0.20_above
JESTAC,Pd,N,4,2.29217,2.27500,0.01717,0_to_0.025_above
JETHEV,Pt,C,23,2.39335,2.36600,0.02735,0.025_to_0.05_above
JETHEV,Pt,C,6,2.39338,2.36600,0.02738,0.025_to_0.05_above
JETMAX,Pt,C,29,2.36925,2.36600,0.00325,0_to_0.025_above
JEVRAD,Cr,N,4,2.35062,2.33200,0.01862,0_to_0.025_above
JILPEZ,Pt,C,6,2.51715,2.36600,0.15115,0.10_to_0.20_above
JILPEZ,Pt,C,10,2.51986,2.36600,0.15386,0.10_to_0.20_above
JILPEZ,Pt,C,5,3.35814,2.36600,0.99214,more_than_0.20_above
JILPEZ,Pt,C,7,3.35826,2.36600,0.99226,more_than_0.20_above
JIMMAW,Re,S,2,2.60958,2.60300,0.00658,0_to_0.025_above
JIQTIP,V,N,4,2.46066,2.45000,0.01066,0_to_0.025_above
JITKAY,Re,N,7,2.39836,2.35200,0.04636,0.025_to_0.05_above
JOCDEK,Tc,O,4,2.63864,2.39600,0.24264,more_than_0.20_above
JOCDOU,Tc,O,4,2.60431,2.39600,0.20831,more_than_0.20_above
JOCRAV,Ru,C,26,2.25912,2.39600,-0.13688,within_cutoff_but_pruned
JOCREZ,Ru,C,13,2.25374,2.39600,-0.14226,within_cutoff_but_pruned
JOGMIC,Ru,C,22,3.00640,2.39600,0.61040,more_than_0.20_above
JOGXAF,Co,C,1,2.02522,2.27000,-0.24478,within_cutoff_but_pruned
JOHSII,Re,S,3,2.69440,2.60300,0.09140,0.05_to_0.10_above
JOHXAH,Pt,C,5,2.39632,2.36600,0.03032,0.025_to_0.05_above
JOKXEN,Co,C,7,2.04438,2.27000,-0.22562,within_cutoff_but_pruned
JULMUY,Ti,N,11,2.52453,2.47800,0.04653,0.025_to_0.05_above
JUPZUR,Pt,C,16,2.37151,2.36600,0.00551,0_to_0.025_above
JUTCOQ,Re,S,5,2.72634,2.60300,0.12334,0.10_to_0.20_above
JUYTAY,Mn,P,2,2.48504,2.48500,0.00004,0_to_0.025_above
JUYVII,Re,N,5,2.49224,2.35200,0.14024,0.10_to_0.20_above
JUZLAR,Pt,C,6,3.41031,2.36600,1.04431,more_than_0.20_above
KABZIY,Re,N,23,2.40311,2.35200,0.05111,0.05_to_0.10_above
KACSUC,Rh,C,11,2.44544,2.43700,0.00844,0_to_0.025_above
KACSUC,Rh,C,6,2.46208,2.43700,0.02508,0.025_to_0.05_above
KADPUD,V,N,48,2.47195,2.45000,0.02195,0_to_0.025_above
KAFRUE,Ti,O,7,2.58924,2.34500,0.24424,more_than_0.20_above
KAFYUL,Zr,C,8,2.73313,2.71700,0.01613,0_to_0.025_above
KAFYUL,Zr,C,9,2.74602,2.71700,0.02902,0.025_to_0.05_above
KAGXUM,Zr,C,14,2.71868,2.71700,0.00168,0_to_0.025_above
KAMYOM,Re,C,20,2.59093,2.41800,0.17293,0.10_to_0.20_above
KAMYOM,Re,C,21,2.59093,2.41800,0.17293,0.10_to_0.20_above
KAQYIK,Cu,C,7,3.21331,2.67200,0.54131,more_than_0.20_above
KAQYOQ,Cu,C,7,3.23897,2.67200,0.56697,more_than_0.20_above
KATHOC,Re,N,6,2.56977,2.35200,0.21777,more_than_0.20_above
KAVPAZ,Ru,C,26,2.27095,2.39600,-0.12505,within_cutoff_but_pruned
KAVPED,Fe,C,26,2.18492,2.32900,-0.14408,within_cutoff_but_pruned
KAWLIF,Re,O,16,2.32060,2.31200,0.00860,0_to_0.025_above
KAYZEP,Ru,O,14,2.43297,2.41400,0.01897,0_to_0.025_above
KAZNII,Re,O,5,2.44016,2.31200,0.12816,0.10_to_0.20_above
KEDRIU,Mn,C,13,3.27154,2.35700,0.91454,more_than_0.20_above
KEDVOE,Os,O,9,2.61826,2.37800,0.24026,more_than_0.20_above
KEFVAS,Au,C,2,2.20931,2.28100,-0.07169,within_cutoff_but_pruned
KEGQIW,W,C,9,3.15395,2.50200,0.65195,more_than_0.20_above
KEHGOW,Pd,C,18,2.39204,2.49900,-0.10696,within_cutoff_but_pruned
KEHGOW,Pd,C,14,2.54676,2.49900,0.04776,0.025_to_0.05_above
KEHZOP,Re,O,21,2.31848,2.31200,0.00648,0_to_0.025_above
KEJKUG,Re,N,16,2.43165,2.35200,0.07965,0.05_to_0.10_above
KEJLIV,Re,N,13,2.42645,2.35200,0.07445,0.05_to_0.10_above
KEKLES,W,O,55,2.45751,2.42000,0.03751,0.025_to_0.05_above
KELFIQ,Mo,O,7,2.62213,2.44400,0.17813,0.10_to_0.20_above
KELQEX,Ti,O,18,2.45993,2.34500,0.11493,0.10_to_0.20_above
KELWUU,Nb,N,7,2.61500,2.56200,0.05300,0.05_to_0.10_above
KELZEG,Re,N,5,2.48719,2.35200,0.13519,0.10_to_0.20_above
KERWUB,Mo,O,9,2.48436,2.44400,0.04036,0.025_to_0.05_above
KETNEC,Nb,C,29,3.61299,2.64000,0.97299,more_than_0.20_above
KETXIS,V,N,43,2.47093,2.45000,0.02093,0_to_0.025_above
KEWCAQ,W,C,9,2.52367,2.50200,0.02167,0_to_0.025_above
KEWCAQ,W,C,8,2.56210,2.50200,0.06010,0.05_to_0.10_above
KEYDAV,V,N,4,2.46079,2.45000,0.01079,0_to_0.025_above
KIDLIU,Mo,O,6,2.51861,2.44400,0.07461,0.05_to_0.10_above
KIJCIQ,Mo,N,6,2.54024,2.51800,0.02224,0_to_0.025_above
KIJCIQ,Mo,N,7,2.54027,2.51800,0.02227,0_to_0.025_above
KIJCOW,Mo,N,28,2.54614,2.51800,0.02814,0.025_to_0.05_above
KIJCOW,Mo,N,2,2.54630,2.51800,0.02830,0.025_to_0.05_above
KIJNAT,Re,Cl,27,2.71758,2.59900,0.11858,0.10_to_0.20_above
KINVUY,Re,N,5,2.50488,2.35200,0.15288,0.10_to_0.20_above
KIRWAL,Fe,C,51,2.42971,2.32900,0.10071,0.10_to_0.20_above
KIRWEP,Fe,C,5,2.43254,2.32900,0.10354,0.10_to_0.20_above
KISYOA,Cr,C,12,2.43945,2.40800,0.03145,0.025_to_0.05_above
KISYOA,Cr,C,13,2.45749,2.40800,0.04949,0.025_to_0.05_above
KISYUG,W,C,12,2.55418,2.50200,0.05218,0.05_to_0.10_above
KISYUG,W,C,13,2.58682,2.50200,0.08482,0.05_to_0.10_above
KIZDOM,Ti,N,19,2.49501,2.47800,0.01701,0_to_0.025_above
KOGNUP,Mo,O,9,2.50983,2.44400,0.06583,0.05_to_0.10_above
KOJDES,Fe,C,16,2.91559,2.32900,0.58659,more_than_0.20_above
KOLTIP,Re,N,22,2.40191,2.35200,0.04991,0.025_to_0.05_above
KOMWAK,Pd,C,34,2.50422,2.49900,0.00522,0_to_0.025_above
KOVKUB,Re,O,7,2.31543,2.31200,0.00343,0_to_0.025_above
KOXPAO,Ru,O,6,2.48115,2.41400,0.06715,0.05_to_0.10_above
KOXWEZ,Pt,P,4,2.46997,2.45100,0.01897,0_to_0.025_above
KUDBES,Pd,C,4,3.31282,2.49900,0.81382,more_than_0.20_above
KUDJUP,Au,C,4,2.30285,2.28100,0.02185,0_to_0.025_above
KUDJUP,Au,C,2,2.30306,2.28100,0.02206,0_to_0.025_above
KUDKEA,Au,C,2,2.30551,2.28100,0.02451,0_to_0.025_above
KUDKEA,Au,C,4,2.30678,2.28100,0.02578,0.025_to_0.05_above
KUDKOK,Au,C,5,2.41731,2.28100,0.13631,0.10_to_0.20_above
KUJCAT,Mo,N,18,2.52548,2.51800,0.00748,0_to_0.025_above
KUSNAP,Zr,O,8,4.52570,2.51900,2.00670,more_than_0.20_above
KUVNIY,Nb,C,9,3.18741,2.64000,0.54741,more_than_0.20_above
KUVRID,Au,C,4,3.23744,2.28100,0.95644,more_than_0.20_above
KUWHEP,Mo,N,23,2.51993,2.51800,0.00193,0_to_0.025_above
KUWHEP,Mo,N,22,2.52027,2.51800,0.00227,0_to_0.025_above
KUWHEP,Mo,N,3,2.52044,2.51800,0.00244,0_to_0.025_above
KUWHIT,Mo,N,5,2.52040,2.51800,0.00240,0_to_0.025_above
KUWHIT,Mo,N,7,2.52043,2.51800,0.00243,0_to_0.025_above
KUWHIT,Mo,N,6,2.52049,2.51800,0.00249,0_to_0.025_above
LADHOO,Pd,N,44,2.35410,2.27500,0.07910,0.05_to_0.10_above
LADXOF,Cu,C,9,3.12583,2.67200,0.45383,more_than_0.20_above
LAGLEL,V,N,5,2.49767,2.45000,0.04767,0.025_to_0.05_above
LAGYEZ,Pt,C,8,3.28070,2.36600,0.91470,more_than_0.20_above
LAGYUP,Pt,C,7,3.32000,2.36600,0.95400,more_than_0.20_above
LAGZAW,Pt,C,8,3.28861,2.36600,0.92261,more_than_0.20_above
LAKKAL,Re,Br,2,2.73181,2.73000,0.00181,0_to_0.025_above
LAWRIK,Zr,C,26,3.41898,2.71700,0.70198,more_than_0.20_above
LAXCIX,Re,Cl,4,2.61020,2.59900,0.01120,0_to_0.025_above
LAZGOJ,W,C,55,2.52692,2.50200,0.02492,0_to_0.025_above
LAZGOJ,W,C,56,2.52692,2.50200,0.02492,0_to_0.025_above
LAZHEB,Re,O,3,2.44055,2.31200,0.12855,0.10_to_0.20_above
LAZREJ,Mn,C,9,2.45869,2.35700,0.10169,0.10_to_0.20_above
LECBUQ,Pt,O,49,2.32406,2.29500,0.02906,0.025_to_0.05_above
LECBUQ,Pt,O,45,2.33130,2.29500,0.03630,0.025_to_0.05_above
LECSOC,Mo,N,18,2.53020,2.51800,0.01220,0_to_0.025_above
LEKRAV,Pt,C,11,2.40206,2.36600,0.03606,0.025_to_0.05_above
LEKRAV,Pt,C,12,2.45997,2.36600,0.09397,0.05_to_0.10_above
LELWOP,Pt,C,7,3.31634,2.36600,0.95034,more_than_0.20_above
LENGAN,W,N,7,2.54122,2.48100,0.06022,0.05_to_0.10_above
LENGIV,W,N,8,2.66745,2.48100,0.18645,0.10_to_0.20_above
LERJAW,V,N,4,2.46346,2.45000,0.01346,0_to_0.025_above
LERZAJ,Nb,C,36,3.11272,2.64000,0.47272,more_than_0.20_above
LEYKIK,V,N,33,2.45636,2.45000,0.00636,0_to_0.025_above
LEYKOQ,V,N,8,2.46519,2.45000,0.01519,0_to_0.025_above
LIBGUY,Re,O,25,2.32131,2.31200,0.00931,0_to_0.025_above
LIBHAF,Re,O,24,2.43074,2.31200,0.11874,0.10_to_0.20_above
LIFGOW,Re,N,9,2.38663,2.35200,0.03463,0.025_to_0.05_above
LIGFUD,Pt,C,6,3.29829,2.36600,0.93229,more_than_0.20_above
LIJJAS,Rh,C,33,2.18032,2.43700,-0.25668,within_cutoff_but_pruned
LIMBAL,Zr,N,7,2.69002,2.60400,0.08602,0.05_to_0.10_above
LINGEV,Pd,N,4,2.34430,2.27500,0.06930,0.05_to_0.10_above
LINLEC,Pt,N,7,2.33721,2.28600,0.05121,0.05_to_0.10_above
LIRDAT,Re,N,4,2.38177,2.35200,0.02977,0.025_to_0.05_above
LIXNAH,Re,C,14,2.42076,2.41800,0.00276,0_to_0.025_above
LODNEY,Re,S,33,2.63354,2.60300,0.03054,0.025_to_0.05_above
LODNEY,Re,S,34,2.64342,2.60300,0.04042,0.025_to_0.05_above
LOFLAT,Mn,C,8,3.27471,2.35700,0.91771,more_than_0.20_above
LOGWEJ,Pd,C,14,3.24634,2.49900,0.74734,more_than_0.20_above
LOHKUO,Zr,N,14,2.62468,2.60400,0.02068,0_to_0.025_above
LOHLAV,Hf,N,12,2.59408,2.55800,0.03608,0.025_to_0.05_above
LOHLAV,Hf,N,14,2.61815,2.55800,0.06015,0.05_to_0.10_above
LOHNII,Co,N,5,2.20591,2.19500,0.01091,0_to_0.025_above
LOKPEH,V,N,8,2.47133,2.45000,0.02133,0_to_0.025_above
LOMWIV,Ti,C,32,2.60859,2.59200,0.01659,0_to_0.025_above
LOMWIV,Ti,C,46,2.60907,2.59200,0.01707,0_to_0.025_above
LOMWUH,Ti,C,18,2.59364,2.59200,0.00164,0_to_0.025_above
LOMWUH,Ti,C,9,2.59509,2.59200,0.00309,0_to_0.025_above
LONHEE,Mo,N,11,2.52564,2.51800,0.00764,0_to_0.025_above
LOPTAO,W,C,32,3.30450,2.50200,0.80250,more_than_0.20_above
LOTNEN,Pt,S,3,2.55028,2.51100,0.03928,0.025_to_0.05_above
LOYZUU,Mo,O,38,2.48572,2.44400,0.04172,0.025_to_0.05_above
LUCYAK,Pd,O,2,2.32122,2.32100,0.00022,0_to_0.025_above
LULCUR,Pd,N,4,2.31830,2.27500,0.04330,0.025_to_0.05_above
LULNUB,Re,N,45,2.44747,2.35200,0.09547,0.05_to_0.10_above
LULPAJ,Re,N,6,2.37064,2.35200,0.01864,0_to_0.025_above
LUMSOC,Pd,N,4,2.28536,2.27500,0.01036,0_to_0.025_above
LUMTAP,Pd,N,4,2.29103,2.27500,0.01603,0_to_0.025_above
LUSFOU,Pt,P,3,2.48701,2.45100,0.03601,0.025_to_0.05_above
LUSTOK,Cr,C,19,2.52488,2.40800,0.11688,0.10_to_0.20_above
LUSTOK,Cr,C,34,2.52709,2.40800,0.11909,0.10_to_0.20_above
LUVTIF,Mn,C,9,2.38819,2.35700,0.03119,0.025_to_0.05_above
LUVTIF,Mn,C,7,2.38853,2.35700,0.03153,0.025_to_0.05_above
LUVZUZ,Re,S,84,2.60645,2.60300,0.00345,0_to_0.025_above
LUXMUO,Re,O,5,2.32505,2.31200,0.01305,0_to_0.025_above
MABBUO,Mo,N,7,2.51993,2.51800,0.00193,0_to_0.025_above
MABDOJ,Ru,C,9,3.37612,2.39600,0.98012,more_than_0.20_above
MAKGEK,Pt,Cl,2,2.51269,2.50100,0.01169,0_to_0.025_above
MALFEL,Re,N,22,2.42315,2.35200,0.07115,0.05_to_0.10_above
MALFEL,Re,N,6,2.42321,2.35200,0.07121,0.05_to_0.10_above
MATCPD,Pd,C,4,3.12436,2.49900,0.62536,more_than_0.20_above
MAZSEL,Pt,S,37,2.54737,2.51100,0.03637,0.025_to_0.05_above
MECDED,Pd,C,5,2.22862,2.49900,-0.27038,within_cutoff_but_pruned
MEJXIK,Rh,C,5,3.21127,2.43700,0.77427,more_than_0.20_above
MELFOB,Zr,N,22,2.63945,2.60400,0.03545,0.025_to_0.05_above
MELLUN,Pt,C,18,2.85779,2.36600,0.49179,more_than_0.20_above
MEXWOB,Rh,P,3,2.50439,2.48300,0.02139,0_to_0.025_above
MEZWAP,Pt,O,5,2.31113,2.29500,0.01613,0_to_0.025_above
MIDNAO,Sc,N,7,2.58922,2.57100,0.01822,0_to_0.025_above
MIKKUM,W,C,2,2.46771,2.50200,-0.03429,within_cutoff_but_pruned
MIYRAO,Re,O,4,2.50539,2.31200,0.19339,0.10_to_0.20_above
MOJYAL,Pt,C,7,2.48933,2.36600,0.12333,0.10_to_0.20_above
MOJYAL,Pt,C,8,2.49788,2.36600,0.13188,0.10_to_0.20_above
MOPDOL,Tc,N,40,2.33708,2.33700,0.00008,0_to_0.025_above
MOPDUR,Tc,N,21,2.37702,2.33700,0.04002,0.025_to_0.05_above
MOPFAZ,Tc,N,21,2.37981,2.33700,0.04281,0.025_to_0.05_above
MOQKUY,Re,C,26,3.14329,2.41800,0.72529,more_than_0.20_above
MOQZUN,Ru,O,7,2.43677,2.41400,0.02277,0_to_0.025_above
MOSWAS,Ni,C,7,3.18553,2.43500,0.75053,more_than_0.20_above
MOSWEW,Ni,C,7,3.20623,2.43500,0.77123,more_than_0.20_above
MOXGIR,V,N,4,2.45487,2.45000,0.00487,0_to_0.025_above
MOXGOX,V,N,4,2.45828,2.45000,0.00828,0_to_0.025_above
MOXGUD,V,N,4,2.45506,2.45000,0.00506,0_to_0.025_above
MOYCUY,Ni,C,4,2.85141,2.43500,0.41641,more_than_0.20_above
MOYDAF,Ni,C,25,2.82443,2.43500,0.38943,more_than_0.20_above
MOZXOO,Pd,N,7,2.28651,2.27500,0.01151,0_to_0.025_above
MUCDAP,Mo,O,6,2.52342,2.44400,0.07942,0.05_to_0.10_above
MUCDIX,Mo,O,6,2.53132,2.44400,0.08732,0.05_to_0.10_above
MUCWAK,Ir,N,8,2.44225,2.30500,0.13725,0.10_to_0.20_above
MUFHEC,V,N,4,2.46381,2.45000,0.01381,0_to_0.025_above
MUFHIG,V,N,3,2.52653,2.45000,0.07653,0.05_to_0.10_above
MUFKUU,Mo,N,34,2.57936,2.51800,0.06136,0.05_to_0.10_above
MULVEV,Au,C,6,2.34712,2.28100,0.06612,0.05_to_0.10_above
MUMGIK,Re,N,5,2.39134,2.35200,0.03934,0.025_to_0.05_above
MUMGOQ,Re,N,8,2.35203,2.35200,0.00003,0_to_0.025_above
MUMGUW,Re,N,3,2.35330,2.35200,0.00130,0_to_0.025_above
MUQMAN,Mo,O,7,2.52243,2.44400,0.07843,0.05_to_0.10_above
MUTSEB,Pd,C,5,2.25034,2.49900,-0.24866,within_cutoff_but_pruned
MUTSOL,Pd,C,6,2.13270,2.49900,-0.36630,within_cutoff_but_pruned
NAGMOZ,Ta,O,7,2.42127,2.40700,0.01427,0_to_0.025_above
NAGTIZ,Ir,C,65,3.27426,2.36200,0.91226,more_than_0.20_above
NAKJIS,Ru,C,10,3.39912,2.39600,1.00312,more_than_0.20_above
NAKRAV,Pd,S,2,2.52479,2.50100,0.02379,0_to_0.025_above
NAQXIM,Fe,C,17,2.88191,2.32900,0.55291,more_than_0.20_above
NAWVAJ,Nb,C,23,3.20367,2.64000,0.56367,more_than_0.20_above
NAZJON,Hf,C,45,2.71998,2.71100,0.00898,0_to_0.025_above
NAZJON,Hf,C,7,2.71999,2.71100,0.00899,0_to_0.025_above
NAZSAL,Pd,C,2,2.05524,2.49900,-0.44376,within_cutoff_but_pruned
NEBSOC,Pt,O,40,2.31271,2.29500,0.01771,0_to_0.025_above
NEBSOC,Pt,O,37,2.33759,2.29500,0.04259,0.025_to_0.05_above
NEBSOC,Pt,O,42,2.34593,2.29500,0.05093,0.05_to_0.10_above
NECHAF,W,N,4,2.50383,2.48100,0.02283,0_to_0.025_above
NECROC,Ti,O,2,2.44171,2.34500,0.09671,0.05_to_0.10_above
NEKQOJ,Ti,O,41,2.35125,2.34500,0.00625,0_to_0.025_above
NELVOS,Mo,O,3,2.54016,2.44400,0.09616,0.05_to_0.10_above
NEMKUM,Ti,O,39,2.35073,2.34500,0.00573,0_to_0.025_above
NENSUV,Ti,O,3,2.38975,2.34500,0.04475,0.025_to_0.05_above
NENZEM,Tc,N,3,2.33708,2.33700,0.00008,0_to_0.025_above
NESDAQ,Re,N,7,2.36440,2.35200,0.01240,0_to_0.025_above
NESDAQ,Re,N,6,2.36459,2.35200,0.01259,0_to_0.025_above
NESDAQ,Re,N,5,2.36461,2.35200,0.01261,0_to_0.025_above
NESPIK,W,P,4,2.73860,2.68100,0.05760,0.05_to_0.10_above
NEWPUD,Ta,O,72,2.70924,2.40700,0.30224,more_than_0.20_above
NEWZEU,Hg,C,4,2.14363,2.85100,-0.70737,within_cutoff_but_pruned
NEXNAF,Cr,C,16,3.04521,2.40800,0.63721,more_than_0.20_above
NEXSOZ,Re,O,2,2.33192,2.31200,0.01992,0_to_0.025_above
NEXSUF,Re,O,2,2.43199,2.31200,0.11999,0.10_to_0.20_above
NICNOF,Pd,O,77,2.37650,2.32100,0.05550,0.05_to_0.10_above
NIDCIO,Pt,N,43,2.31355,2.28600,0.02755,0.025_to_0.05_above
NIDCUA,Pt,N,32,2.28628,2.28600,0.00028,0_to_0.025_above
NIKFAR,Ir,C,6,2.36377,2.36200,0.00177,0_to_0.025_above
NIKPOM,Re,N,10,2.38532,2.35200,0.03332,0.025_to_0.05_above
NIKPUS,Re,N,12,2.38671,2.35200,0.03471,0.025_to_0.05_above
NIRKUU,V,C,6,2.46630,2.45800,0.00830,0_to_0.025_above
NIRKUU,V,C,8,2.46630,2.45800,0.00830,0_to_0.025_above
NISQOY,Ti,C,15,2.67443,2.59200,0.08243,0.05_to_0.10_above
NISQOY,Ti,C,14,2.67967,2.59200,0.08767,0.05_to_0.10_above
NISQUE,Ti,C,14,2.66057,2.59200,0.06857,0.05_to_0.10_above
NISQUE,Ti,C,13,2.66611,2.59200,0.07411,0.05_to_0.10_above
NISTUG,Zn,C,42,2.05862,2.56400,-0.50538,within_cutoff_but_pruned
NISVES,Zn,C,39,2.06062,2.56400,-0.50338,within_cutoff_but_pruned
NISVIW,Zn,C,26,2.06173,2.56400,-0.50227,within_cutoff_but_pruned
NITGOM,Rh,C,12,3.07407,2.43700,0.63707,more_than_0.20_above
NIVMOX,Pt,Cl,70,2.50973,2.50100,0.00873,0_to_0.025_above
NIVWEV,Os,Si,2,2.64646,2.62400,0.02246,0_to_0.025_above
NIVWEV,Os,Si,3,2.64653,2.62400,0.02253,0_to_0.025_above
NODRAZ,Ru,N,43,2.41495,2.33000,0.08495,0.05_to_0.10_above
NODRAZ,Ru,N,5,2.41496,2.33000,0.08496,0.05_to_0.10_above
NOMGUU,Ta,O,5,2.48597,2.40700,0.07897,0.05_to_0.10_above
NOMHIJ,Ta,O,5,2.45298,2.40700,0.04598,0.025_to_0.05_above
NOQZUQ,Pt,P,2,2.47186,2.45100,0.02086,0_to_0.025_above
NOSZEA,Cu,C,11,3.13205,2.67200,0.46005,more_than_0.20_above
NOSZIE,Cu,C,10,3.15128,2.67200,0.47928,more_than_0.20_above
NOYREA,Pd,C,75,2.66949,2.49900,0.17049,0.10_to_0.20_above
NUCZUI,Cr,C,13,2.57348,2.40800,0.16548,0.10_to_0.20_above
NUHBUN,Ti,N,5,2.52716,2.47800,0.04916,0.025_to_0.05_above
NUHCAU,Ti,N,4,2.59441,2.47800,0.11641,0.10_to_0.20_above
NUKFOQ,Pd,N,3,2.28839,2.27500,0.01339,0_to_0.025_above
NULMUC,Ta,N,7,2.63566,2.53300,0.10266,0.10_to_0.20_above
NULNAJ,Ta,N,7,2.63595,2.53300,0.10295,0.10_to_0.20_above
NUMZIE,W,O,6,2.50314,2.42000,0.08314,0.05_to_0.10_above
NUVNAU,Pt,O,39,2.38217,2.29500,0.08717,0.05_to_0.10_above
NUXQEE,Re,C,6,2.46911,2.41800,0.05111,0.05_to_0.10_above
NUXTUV,W,N,7,2.54348,2.48100,0.06248,0.05_to_0.10_above
OCOWEJ,Ti,O,4,2.44883,2.34500,0.10383,0.10_to_0.20_above
OCOWIN,Ti,O,3,2.39795,2.34500,0.05295,0.05_to_0.10_above
ODALIP,Ni,C,4,2.76886,2.43500,0.33386,more_than_0.20_above
ODUFUO,Zr,C,14,2.72691,2.71700,0.00991,0_to_0.025_above
OEDTAV,V,N,25,2.47210,2.45000,0.02210,0_to_0.025_above
OEDTAV,V,N,24,2.47215,2.45000,0.02215,0_to_0.025_above
OFIJES,Pt,N,10,2.30093,2.28600,0.01493,0_to_0.025_above
OFIJIW,Pt,N,8,2.29808,2.28600,0.01208,0_to_0.025_above
OFIJOC,Pt,N,21,2.38888,2.28600,0.10288,0.10_to_0.20_above
OFIJOC,Pt,N,3,2.38897,2.28600,0.10297,0.10_to_0.20_above
OFIJUI,Pt,N,11,2.38798,2.28600,0.10198,0.10_to_0.20_above
OFIJUI,Pt,N,12,2.39456,2.28600,0.10856,0.10_to_0.20_above
OFOWEL,Rh,N,5,2.40909,2.36700,0.04209,0.025_to_0.05_above
OGAHOT,W,C,75,3.30834,2.50200,0.80634,more_than_0.20_above
OGAHOT,W,C,31,3.39454,2.50200,0.89254,more_than_0.20_above
OGAHOT,W,C,53,3.39736,2.50200,0.89536,more_than_0.20_above
OGIDAK,Mo,C,2,3.34638,2.53600,0.81038,more_than_0.20_above
OGIDEO,Mo,C,2,3.33175,2.53600,0.79575,more_than_0.20_above
OHUPIR,Os,C,26,2.39656,2.39500,0.00156,0_to_0.025_above
OKOGEA,Pd,N,5,2.29003,2.27500,0.01503,0_to_0.025_above
OKOGIE,Pd,C,17,3.29129,2.49900,0.79229,more_than_0.20_above
OKUQOA,Rh,C,17,3.27215,2.43700,0.83515,more_than_0.20_above
OMETUW,Pt,S,50,2.57066,2.51100,0.05966,0.05_to_0.10_above
ONAXAD,Ni,S,35,2.69208,2.62200,0.07008,0.05_to_0.10_above
ONUHIP,Ru,Cl,2,2.62139,2.60300,0.01839,0_to_0.025_above
OPEKOL,Pd,N,12,2.27597,2.27500,0.00097,0_to_0.025_above
OPUHAJ,Re,Se,2,2.71029,2.70100,0.00929,0_to_0.025_above
OPUHAJ,Re,Se,3,2.71031,2.70100,0.00931,0_to_0.025_above
OTUQUR,Ru,O,5,2.41452,2.41400,0.00052,0_to_0.025_above
OTUREB,Ir,C,17,2.36928,2.36200,0.00728,0_to_0.025_above
OWIRES,Au,C,6,2.36215,2.28100,0.08115,0.05_to_0.10_above
OWIRUI,Au,C,3,2.29474,2.28100,0.01374,0_to_0.025_above
OWIRUI,Au,C,5,2.30456,2.28100,0.02356,0_to_0.025_above
OWULAU,Ti,N,5,2.48464,2.47800,0.00664,0_to_0.025_above
OWULAU,Ti,N,6,2.48494,2.47800,0.00694,0_to_0.025_above
PAHWOK,Fe,C,21,3.21635,2.32900,0.88735,more_than_0.20_above
PAJPEV,Pd,N,4,2.29261,2.27500,0.01761,0_to_0.025_above
PAJQAS,Pd,N,5,2.29134,2.27500,0.01634,0_to_0.025_above
PAKTUR,Ta,N,19,2.57464,2.53300,0.04164,0.025_to_0.05_above
PAKYOS,Re,S,2,2.61703,2.60300,0.01403,0_to_0.025_above
PAXFEA,Pt,S,4,2.54568,2.51100,0.03468,0.025_to_0.05_above
PAXFEA,Pt,S,3,2.54578,2.51100,0.03478,0.025_to_0.05_above
PAXFEA,Pt,S,2,2.54592,2.51100,0.03492,0.025_to_0.05_above
PAXMAD,Ru,N,7,2.35373,2.33000,0.02373,0_to_0.025_above
PAXZUJ,Nb,C,18,3.18799,2.64000,0.54799,more_than_0.20_above
PEBRAS,Ru,N,9,2.51762,2.33000,0.18762,0.10_to_0.20_above
PEBXAV,Ti,O,9,4.40594,2.34500,2.06094,more_than_0.20_above
PEDFUZ,W,C,13,2.50779,2.50200,0.00579,0_to_0.025_above
PEDHAI,Ir,C,10,3.06353,2.36200,0.70153,more_than_0.20_above
PEDHAI,Ir,C,13,3.07067,2.36200,0.70867,more_than_0.20_above
PENOFE,Fe,C,12,2.34498,2.32900,0.01598,0_to_0.025_above
PENZOX,Ru,N,4,2.33116,2.33000,0.00116,0_to_0.025_above
PEQTOU,Pt,N,5,2.31326,2.28600,0.02726,0.025_to_0.05_above
PERYIU,V,N,4,2.50550,2.45000,0.05550,0.05_to_0.10_above
PETMIL,Pt,Cl,17,2.50190,2.50100,0.00090,0_to_0.025_above
PEWXEW,Re,N,4,2.39724,2.35200,0.04524,0.025_to_0.05_above
PEXVIX,Ta,N,5,2.59800,2.53300,0.06500,0.05_to_0.10_above
PICNEU,Hf,C,9,2.71323,2.71100,0.00223,0_to_0.025_above
PICNEU,Hf,C,33,2.71326,2.71100,0.00226,0_to_0.025_above
PIDTOL,Re,N,5,2.36409,2.35200,0.01209,0_to_0.025_above
PIDTOL,Re,N,6,2.36420,2.35200,0.01220,0_to_0.025_above
PIDTOL,Re,N,7,2.36454,2.35200,0.01254,0_to_0.025_above
PIFQUS,Pt,O,19,2.38905,2.29500,0.09405,0.05_to_0.10_above
PIGXAG,Zn,C,4,2.14594,2.56400,-0.41806,within_cutoff_but_pruned
PIGXAG,Zn,C,60,2.17184,2.56400,-0.39216,within_cutoff_but_pruned
PIKREJ,Mo,O,11,2.55394,2.44400,0.10994,0.10_to_0.20_above
PIKRIN,Mo,O,9,2.61792,2.44400,0.17392,0.10_to_0.20_above
PILMUS,Pt,Cl,2,2.52251,2.50100,0.02151,0_to_0.025_above
PILPUV,V,N,8,2.45864,2.45000,0.00864,0_to_0.025_above
PIPXIV,Zr,C,22,2.72003,2.71700,0.00303,0_to_0.025_above
PIPXIV,Zr,C,23,2.72331,2.71700,0.00631,0_to_0.025_above
PIPYUK,Tc,N,5,2.34770,2.33700,0.01070,0_to_0.025_above
PIQSUG,Pt,N,7,2.35682,2.28600,0.07082,0.05_to_0.10_above
PIQTAN,Pt,N,6,2.35251,2.28600,0.06651,0.05_to_0.10_above
PIQTER,Pt,N,5,2.28681,2.28600,0.00081,0_to_0.025_above
PIXTIZ,Ti,N,5,2.52552,2.47800,0.04752,0.025_to_0.05_above
PIYPES,Fe,C,11,2.36742,2.32900,0.03842,0.025_to_0.05_above
POCDAN,V,N,31,2.45785,2.45000,0.00785,0_to_0.025_above
POFSUA,Zn,C,35,2.13084,2.56400,-0.43316,within_cutoff_but_pruned
POFSUA,Zn,C,36,2.63277,2.56400,0.06877,0.05_to_0.10_above
PONJIL,Mn,C,9,2.36347,2.35700,0.00647,0_to_0.025_above
PONJIL,Mn,C,8,2.36715,2.35700,0.01015,0_to_0.025_above
PONJOR,Mn,C,8,2.41933,2.35700,0.06233,0.05_to_0.10_above
PONJOR,Mn,C,9,2.44520,2.35700,0.08820,0.05_to_0.10_above
POPWUM,Os,N,6,2.39699,2.31900,0.07799,0.05_to_0.10_above
PORLAK,W,N,7,2.50575,2.48100,0.02475,0_to_0.025_above
PORLEO,W,N,5,2.58970,2.48100,0.10870,0.10_to_0.20_above
POXDUC,W,N,7,2.51484,2.48100,0.03384,0.025_to_0.05_above
POYGEQ,Ir,C,41,2.23475,2.36200,-0.12725,within_cutoff_but_pruned
POZSIG,Zr,C,49,2.74113,2.71700,0.02413,0_to_0.025_above
PUGWOD,V,O,7,2.46159,2.41000,0.05159,0.05_to_0.10_above
PUJNIR,Cu,C,10,2.23716,2.67200,-0.43484,within_cutoff_but_pruned
PUJNIR,Cu,C,19,2.23883,2.67200,-0.43317,within_cutoff_but_pruned
PUMBAA,W,C,6,2.51572,2.50200,0.01372,0_to_0.025_above
PUMDAD,Pd,N,64,2.28830,2.27500,0.01330,0_to_0.025_above
PUMGIO,Pt,N,6,2.42158,2.28600,0.13558,0.10_to_0.20_above
PUVBIR,Ni,S,2,2.73598,2.62200,0.11398,0.10_to_0.20_above
PUXSUX,Pt,C,6,3.29670,2.36600,0.93070,more_than_0.20_above
QADJOV,Os,N,27,2.34725,2.31900,0.02825,0.025_to_0.05_above
QADJUB,Os,N,21,2.35671,2.31900,0.03771,0.025_to_0.05_above
QAGBEG,Os,N,15,2.32712,2.31900,0.00812,0_to_0.025_above
QAGBEG,Os,N,18,2.33797,2.31900,0.01897,0_to_0.025_above
QAHDEJ,Pd,N,54,2.30226,2.27500,0.02726,0.025_to_0.05_above
QAHPOG,Pt,N,4,2.29114,2.28600,0.00514,0_to_0.025_above
QAPBUG,Mo,N,8,2.58620,2.51800,0.06820,0.05_to_0.10_above
QAQVEJ,Ta,C,18,2.32361,2.62300,-0.29939,within_cutoff_but_pruned
QARMOM,Re,N,8,2.44678,2.35200,0.09478,0.05_to_0.10_above
QAYKAF,Re,C,8,2.45890,2.41800,0.04090,0.025_to_0.05_above
QAYXUJ,W,N,7,2.57360,2.48100,0.09260,0.05_to_0.10_above
QEHZOS,Pt,Cl,47,2.51326,2.50100,0.01226,0_to_0.025_above
QEJHUJ,Cu,C,36,2.85835,2.67200,0.18635,0.10_to_0.20_above
QEKLAU,Ir,C,5,2.21660,2.36200,-0.14540,within_cutoff_but_pruned
QEPCAP,V,O,2,2.73452,2.41000,0.32452,more_than_0.20_above
QEXHEH,Zr,N,81,2.72184,2.60400,0.11784,0.10_to_0.20_above
QICJUI,Ta,O,4,2.49465,2.40700,0.08765,0.05_to_0.10_above
QIGPON,Rh,C,53,3.04227,2.43700,0.60527,more_than_0.20_above
QIGYIQ,Zr,C,44,2.72932,2.71700,0.01232,0_to_0.025_above
QIGZAJ,Zr,C,47,2.73795,2.71700,0.02095,0_to_0.025_above
QOCJAU,Co,C,5,3.16504,2.27000,0.89504,more_than_0.20_above
QODHOG,Ta,N,7,2.59490,2.53300,0.06190,0.05_to_0.10_above
QODLUR,Ru,N,78,2.46499,2.33000,0.13499,0.10_to_0.20_above
QOKSEO,Re,N,7,2.35322,2.35200,0.00122,0_to_0.025_above
QOLPUC,Re,N,4,2.62162,2.35200,0.26962,more_than_0.20_above
QOPSUL,Fe,C,11,2.42750,2.32900,0.09850,0.05_to_0.10_above
QOPYEZ,Hf,C,16,2.71966,2.71100,0.00866,0_to_0.025_above
QOPYEZ,Hf,C,17,2.72937,2.71100,0.01837,0_to_0.025_above
QOPYID,Zr,C,17,2.72336,2.71700,0.00636,0_to_0.025_above
QOPZUR,Au,C,7,3.22643,2.28100,0.94543,more_than_0.20_above
QOVRIC,Pd,N,4,2.32100,2.27500,0.04600,0.025_to_0.05_above
QOVROI,Pd,N,4,2.27881,2.27500,0.00381,0_to_0.025_above
QOXBIP,W,N,9,2.51982,2.48100,0.03882,0.025_to_0.05_above
QOZMUP,Mo,N,7,2.52652,2.51800,0.00852,0_to_0.025_above
QUBJIG,Re,O,3,2.31441,2.31200,0.00241,0_to_0.025_above
QUDJII,W,C,14,2.21949,2.50200,-0.28251,within_cutoff_but_pruned
QUDJII,W,C,12,2.53500,2.50200,0.03300,0.025_to_0.05_above
QUDJII,W,C,4,2.53669,2.50200,0.03469,0.025_to_0.05_above
QUGJAE,Pt,C,11,2.38878,2.36600,0.02278,0_to_0.025_above
QUGJAE,Pt,C,12,2.40934,2.36600,0.04334,0.025_to_0.05_above
QUHVUK,Re,N,5,2.52322,2.35200,0.17122,0.10_to_0.20_above
QUSBUB,Ru,C,7,2.40832,2.39600,0.01232,0_to_0.025_above
QUSBUB,Ru,C,8,2.42711,2.39600,0.03111,0.025_to_0.05_above
QUSCAI,Ru,C,6,2.39743,2.39600,0.00143,0_to_0.025_above
QUWBEQ,Pt,C,31,2.38783,2.36600,0.02183,0_to_0.025_above
QUWBIU,Pt,C,29,2.39379,2.36600,0.02779,0.025_to_0.05_above
RABLEH,Mo,C,35,3.19779,2.53600,0.66179,more_than_0.20_above
RABLEH,Mo,C,33,3.20083,2.53600,0.66483,more_than_0.20_above
RACHIN,Os,N,10,2.33307,2.31900,0.01407,0_to_0.025_above
RACWAT,W,N,4,2.52210,2.48100,0.04110,0.025_to_0.05_above
RAGHEM,Pd,N,10,2.27685,2.27500,0.00185,0_to_0.025_above
RAJZAG,Mo,O,6,2.49961,2.44400,0.05561,0.05_to_0.10_above
RAKPUR,Nb,C,6,3.09103,2.64000,0.45103,more_than_0.20_above
RAKQEC,Nb,C,16,2.97318,2.64000,0.33318,more_than_0.20_above
RALDOZ,Ti,N,80,2.52042,2.47800,0.04242,0.025_to_0.05_above
RAMQAZ,Ru,O,6,2.42035,2.41400,0.00635,0_to_0.025_above
RAMSIJ,Nb,C,3,3.21927,2.64000,0.57927,more_than_0.20_above
RAMVOS,Zr,O,6,2.54146,2.51900,0.02246,0_to_0.025_above
RAPGUK,Re,C,9,2.41870,2.41800,0.00070,0_to_0.025_above
RAPGUK,Re,C,5,2.45257,2.41800,0.03457,0.025_to_0.05_above
RAPLAX,Ru,N,7,2.37672,2.33000,0.04672,0.025_to_0.05_above
RAQJEZ,Pt,O,12,2.36208,2.29500,0.06708,0.05_to_0.10_above
RAQJOJ,Pt,O,9,2.31086,2.29500,0.01586,0_to_0.025_above
RAQPOP,Re,N,7,2.37634,2.35200,0.02434,0_to_0.025_above
RATSEK,Cr,C,9,2.41393,2.40800,0.00593,0_to_0.025_above
RATSEK,Cr,C,8,2.50010,2.40800,0.09210,0.05_to_0.10_above
RAWJIL,Mo,C,13,3.09286,2.53600,0.55686,more_than_0.20_above
RAZDUT,Re,O,3,2.34266,2.31200,0.03066,0.025_to_0.05_above
RAZFAZ,Zr,N,5,2.73914,2.60400,0.13514,0.10_to_0.20_above
RAZKEI,Ru,N,4,2.34515,2.33000,0.01515,0_to_0.025_above
REBYUS,Mo,N,9,2.59315,2.51800,0.07515,0.05_to_0.10_above
RECHIS,Zr,C,33,3.52993,2.71700,0.81293,more_than_0.20_above
RECLIV,Os,N,15,2.32479,2.31900,0.00579,0_to_0.025_above
RECLIV,Os,N,18,2.37222,2.31900,0.05322,0.05_to_0.10_above
RECNUI,Re,N,15,2.37493,2.35200,0.02293,0_to_0.025_above
REFCIQ,Re,Br,2,2.74836,2.73000,0.01836,0_to_0.025_above
REFCIQ,Re,S,5,2.61308,2.60300,0.01008,0_to_0.025_above
REHXAD,Re,S,14,2.72574,2.60300,0.12274,0.10_to_0.20_above
REHXIL,Re,S,4,2.68722,2.60300,0.08422,0.05_to_0.10_above
REPWAM,Ru,N,74,2.40954,2.33000,0.07954,0.05_to_0.10_above
RERGIG,Pt,N,23,2.29626,2.28600,0.01026,0_to_0.025_above
RERGIG,Pt,N,22,2.29854,2.28600,0.01254,0_to_0.025_above
RERGOM,Pt,N,69,2.29015,2.28600,0.00415,0_to_0.025_above
RERGOM,Pt,N,67,2.35711,2.28600,0.07111,0.05_to_0.10_above
RERGUS,Pt,N,8,2.31195,2.28600,0.02595,0.025_to_0.05_above
RERGUS,Pt,N,41,2.35987,2.28600,0.07387,0.05_to_0.10_above
RETNUB,Re,O,12,2.45247,2.31200,0.14047,0.10_to_0.20_above
REVWAR,Pd,N,2,2.29089,2.27500,0.01589,0_to_0.025_above
REVWAR,Pd,N,3,2.30266,2.27500,0.02766,0.025_to_0.05_above
REWYAU,Ti,N,15,2.58849,2.47800,0.11049,0.10_to_0.20_above
REYLUD,Os,C,49,2.33587,2.39500,-0.05913,within_cutoff_but_pruned
REYRIW,V,N,6,2.47411,2.45000,0.02411,0_to_0.025_above
RIKGEZ,Sc,C,53,2.62194,2.61700,0.00494,0_to_0.025_above
RINGON,Ir,C,36,3.07462,2.36200,0.71262,more_than_0.20_above
RIVFUY,Re,N,6,2.43279,2.35200,0.08079,0.05_to_0.10_above
RIZJER,Zr,C,76,3.58859,2.71700,0.87159,more_than_0.20_above
RIZTOL,Pt,N,6,2.43160,2.28600,0.14560,0.10_to_0.20_above
RIZYIK,Re,N,7,2.43822,2.35200,0.08622,0.05_to_0.10_above
ROBCER,Pt,N,65,2.29261,2.28600,0.00661,0_to_0.025_above
ROBLOL,Cu,C,20,3.26495,2.67200,0.59295,more_than_0.20_above
ROBLOL,Cu,C,25,3.26517,2.67200,0.59317,more_than_0.20_above
ROBLUR,Cu,C,5,3.23607,2.67200,0.56407,more_than_0.20_above
ROBLUR,Cu,C,40,3.23709,2.67200,0.56509,more_than_0.20_above
ROCVEN,Mo,O,8,2.45877,2.44400,0.01477,0_to_0.025_above
RODMEC,Pd,N,6,2.28703,2.27500,0.01203,0_to_0.025_above
RODNON,Pd,N,5,2.30354,2.27500,0.02854,0.025_to_0.05_above
ROFSAG,Fe,C,9,3.45118,2.32900,1.12218,more_than_0.20_above
ROJPAH,Pt,N,36,2.34734,2.28600,0.06134,0.05_to_0.10_above
ROJPAH,Pt,N,37,2.34745,2.28600,0.06145,0.05_to_0.10_above
ROMKUZ,Re,C,13,2.42264,2.41800,0.00464,0_to_0.025_above
ROMLIO,Pt,N,7,2.34219,2.28600,0.05619,0.05_to_0.10_above
ROXFER,Ru,N,4,2.33374,2.33000,0.00374,0_to_0.025_above
ROYFUI,Au,C,71,3.35808,2.28100,1.07708,more_than_0.20_above
RUCLAD,Pd,S,4,2.73421,2.50100,0.23321,more_than_0.20_above
RUKPES,Re,N,7,2.44463,2.35200,0.09263,0.05_to_0.10_above
RUMVEC,W,N,3,2.49804,2.48100,0.01704,0_to_0.025_above
RUMVIG,W,N,3,2.49990,2.48100,0.01890,0_to_0.025_above
RUPXUW,Pt,C,5,2.39090,2.36600,0.02490,0_to_0.025_above
RUZZAN,W,C,11,2.57431,2.50200,0.07231,0.05_to_0.10_above
RUZZAN,W,C,10,2.57736,2.50200,0.07536,0.05_to_0.10_above
SADVUP,Pd,O,5,2.37325,2.32100,0.05225,0.05_to_0.10_above
SAFMUK,Pd,C,5,3.26116,2.49900,0.76216,more_than_0.20_above
SAFVIF,Mo,O,5,2.53703,2.44400,0.09303,0.05_to_0.10_above
SAJQIE,W,C,13,2.50277,2.50200,0.00077,0_to_0.025_above
SAKFOB,Re,O,10,2.32332,2.31200,0.01132,0_to_0.025_above
SAKLOI,V,O,3,2.42508,2.41000,0.01508,0_to_0.025_above
SAKREB,W,C,34,3.05241,2.50200,0.55041,more_than_0.20_above
SANMID,Fe,C,11,2.14065,2.32900,-0.18835,within_cutoff_but_pruned
SARQOT,Os,Cl,2,2.61480,2.60200,0.01280,0_to_0.025_above
SAWMIP,Re,O,27,2.31541,2.31200,0.00341,0_to_0.025_above
SAWPOW,Ru,N,3,2.33221,2.33000,0.00221,0_to_0.025_above
SEDKIV,Pd,N,3,2.27549,2.27500,0.00049,0_to_0.025_above
SEDKIV,Pd,N,2,2.27554,2.27500,0.00054,0_to_0.025_above
SEGPOK,Ir,N,30,2.35823,2.30500,0.05323,0.05_to_0.10_above
SEKXOV,Pt,O,7,2.30906,2.29500,0.01406,0_to_0.025_above
SEMHUQ,Os,N,75,2.32881,2.31900,0.00981,0_to_0.025_above
SEPNAC,Re,N,6,2.47533,2.35200,0.12333,0.10_to_0.20_above
SEPZOC,Cr,C,7,2.41365,2.40800,0.00565,0_to_0.025_above
SEPZOC,Cr,C,8,2.41956,2.40800,0.01156,0_to_0.025_above
SEQVAL,Ru,C,8,2.42272,2.39600,0.02672,0.025_to_0.05_above
SEWCAZ,V,N,9,2.46193,2.45000,0.01193,0_to_0.025_above
SIDMIB,W,O,46,2.43260,2.42000,0.01260,0_to_0.025_above
SIGQII,W,C,16,2.59002,2.50200,0.08802,0.05_to_0.10_above
SIGQII,W,C,12,2.59009,2.50200,0.08809,0.05_to_0.10_above
SIGXOV,W,C,13,3.30960,2.50200,0.80760,more_than_0.20_above
SIKVEP,Zn,C,35,2.15533,2.56400,-0.40867,within_cutoff_but_pruned
SIKZOE,Cr,C,12,2.43142,2.40800,0.02342,0_to_0.025_above
SIKZUK,Cr,C,12,2.42405,2.40800,0.01605,0_to_0.025_above
SILVUE,Mo,C,21,3.13540,2.53600,0.59940,more_than_0.20_above
SILZOC,Cr,C,28,3.32255,2.40800,0.91455,more_than_0.20_above
SIWSAU,Rh,C,26,2.24406,2.43700,-0.19294,within_cutoff_but_pruned
SIXBIN,Mo,O,5,2.50198,2.44400,0.05798,0.05_to_0.10_above
SIXBOQ,Pd,N,4,2.34725,2.27500,0.07225,0.05_to_0.10_above
SOKVAP,Pt,N,5,2.34960,2.28600,0.06360,0.05_to_0.10_above
SOLSIV,W,C,12,2.47638,2.50200,-0.02562,within_cutoff_but_pruned
SOSQOG,Re,N,5,2.39751,2.35200,0.04551,0.025_to_0.05_above
SOSQOG,Re,N,6,2.39765,2.35200,0.04565,0.025_to_0.05_above
SOTPID,Mo,O,5,2.47162,2.44400,0.02762,0.025_to_0.05_above
SOTPID,Mo,O,4,2.47208,2.44400,0.02808,0.025_to_0.05_above
SOTQOK,Mo,Cl,2,2.65754,2.63700,0.02054,0_to_0.025_above
SOWCIR,Zr,N,5,2.65419,2.60400,0.05019,0.05_to_0.10_above
SOWCOX,Zr,N,5,2.69262,2.60400,0.08862,0.05_to_0.10_above
SOWTED,Pt,C,23,2.38484,2.36600,0.01884,0_to_0.025_above
SOWTED,Pt,C,6,2.38487,2.36600,0.01887,0_to_0.025_above
SOXQIG,Zr,C,50,2.72002,2.71700,0.00302,0_to_0.025_above
SOXQIG,Zr,C,10,2.72025,2.71700,0.00325,0_to_0.025_above
SUBKUX,Fe,N,2,2.53660,2.39900,0.13760,0.10_to_0.20_above
SULMUI,W,C,6,2.50491,2.50200,0.00291,0_to_0.025_above
SUMQUM,Ti,N,5,2.56821,2.47800,0.09021,0.05_to_0.10_above
SUQWIL,Au,C,7,2.34673,2.28100,0.06573,0.05_to_0.10_above
SUSQUS,Ru,N,22,2.41434,2.33000,0.08434,0.05_to_0.10_above
SUSQUS,Ru,N,4,2.41442,2.33000,0.08442,0.05_to_0.10_above
SUYPEH,Re,O,38,2.33630,2.31200,0.02430,0_to_0.025_above
SUYPIL,Re,O,2,2.33891,2.31200,0.02691,0.025_to_0.05_above
TABLEP,W,O,4,2.42768,2.42000,0.00768,0_to_0.025_above
TABLEP,W,O,5,2.42800,2.42000,0.00800,0_to_0.025_above
TABLOZ,W,O,2,2.47120,2.42000,0.05120,0.05_to_0.10_above
TAHWAC,Re,N,5,2.48456,2.35200,0.13256,0.10_to_0.20_above
TAHWEG,Re,N,5,2.48083,2.35200,0.12883,0.10_to_0.20_above
TAHWIK,Re,N,6,2.48790,2.35200,0.13590,0.10_to_0.20_above
TAHWOQ,Re,N,5,2.48257,2.35200,0.13057,0.10_to_0.20_above
TAHWUW,Re,N,5,2.48395,2.35200,0.13195,0.10_to_0.20_above
TAHXAD,Re,N,5,2.48776,2.35200,0.13576,0.10_to_0.20_above
TAWHAB,W,C,24,4.36555,2.50200,1.86355,more_than_0.20_above
TAWHEF,Mo,C,12,4.37304,2.53600,1.83704,more_than_0.20_above
TAWHIJ,Cr,C,12,4.32730,2.40800,1.91930,more_than_0.20_above
TEDYUX,Hf,C,10,4.60205,2.71100,1.89105,more_than_0.20_above
TEDYUX,Hf,C,22,4.60234,2.71100,1.89134,more_than_0.20_above
TEKWAJ,Pt,C,63,3.46819,2.36600,1.10219,more_than_0.20_above
TEPHOO,Ru,C,11,2.40073,2.39600,0.00473,0_to_0.025_above
TEPHOO,Ru,C,8,2.40095,2.39600,0.00495,0_to_0.025_above
TEPHOO,Ru,C,39,3.06915,2.39600,0.67315,more_than_0.20_above
TEPHOO,Ru,C,25,3.33659,2.39600,0.94059,more_than_0.20_above
TEPYEU,Ir,C,22,2.40054,2.36200,0.03854,0.025_to_0.05_above
TEQPAJ,Zr,N,3,2.67861,2.60400,0.07461,0.05_to_0.10_above
TEWGUX,Ti,N,5,2.57908,2.47800,0.10108,0.10_to_0.20_above
TEXWEY,Pd,C,6,3.40542,2.49900,0.90642,more_than_0.20_above
TIFCIW,Ti,O,7,2.41904,2.34500,0.07404,0.05_to_0.10_above
TIFCIW,Ti,O,5,2.41917,2.34500,0.07417,0.05_to_0.10_above
TIKWER,Pt,N,2,2.29336,2.28600,0.00736,0_to_0.025_above
TILWUG,Ti,N,5,2.52330,2.47800,0.04530,0.025_to_0.05_above
TIMMEH,Mo,O,5,2.45534,2.44400,0.01134,0_to_0.025_above
TIQNAL,Tc,N,7,2.50936,2.33700,0.17236,0.10_to_0.20_above
TIRDAA,Mo,O,19,2.54931,2.44400,0.10531,0.10_to_0.20_above
TITLEP,Pt,Cl,3,2.50272,2.50100,0.00172,0_to_0.025_above
TIWZAD,Pt,N,3,2.33693,2.28600,0.05093,0.05_to_0.10_above
TIWZOR,Pt,N,3,2.31504,2.28600,0.02904,0.025_to_0.05_above
TIYNIY,Re,O,8,2.34145,2.31200,0.02945,0.025_to_0.05_above
TIYWAA,Re,N,10,2.36473,2.35200,0.01273,0_to_0.025_above
TOBBUJ,Ni,C,54,2.88547,2.43500,0.45047,more_than_0.20_above
TOHNEJ,Cr,C,7,2.42793,2.40800,0.01993,0_to_0.025_above
TORLAN,Zr,C,4,2.72504,2.71700,0.00804,0_to_0.025_above
TORLAN,Zr,C,40,2.72507,2.71700,0.00807,0_to_0.025_above
TOVKAQ,V,N,7,2.51004,2.45000,0.06004,0.05_to_0.10_above
TOWDUE,Mn,C,6,2.38284,2.35700,0.02584,0.025_to_0.05_above
TOWDUE,Mn,C,7,2.44191,2.35700,0.08491,0.05_to_0.10_above
TOWFIU,Nb,C,28,3.28626,2.64000,0.64626,more_than_0.20_above
TOWFOA,Nb,C,26,3.34162,2.64000,0.70162,more_than_0.20_above
TOWNUO,Re,O,2,2.34746,2.31200,0.03546,0.025_to_0.05_above
TUCSAM,Pd,C,68,2.52976,2.49900,0.03076,0.025_to_0.05_above
TUCSAM,Pd,C,76,2.59532,2.49900,0.09632,0.05_to_0.10_above
TUCSEQ,Pd,C,76,2.54392,2.49900,0.04492,0.025_to_0.05_above
TUCSEQ,Pd,C,74,2.62002,2.49900,0.12102,0.10_to_0.20_above
TUDRUG,Pd,N,5,2.34226,2.27500,0.06726,0.05_to_0.10_above
TUGPAN,Pd,S,2,2.50606,2.50100,0.00506,0_to_0.025_above
TUPKAQ,Fe,C,3,3.06460,2.32900,0.73560,more_than_0.20_above
TUQGUH,Re,C,10,2.51879,2.41800,0.10079,0.10_to_0.20_above
TURKEW,Pd,N,16,2.28778,2.27500,0.01278,0_to_0.025_above
TURKOG,Pd,N,38,2.28611,2.27500,0.01111,0_to_0.025_above
TURKUM,Pd,N,16,2.28552,2.27500,0.01052,0_to_0.025_above
TUVNAZ,Pt,N,6,2.29826,2.28600,0.01226,0_to_0.025_above
TUVNAZ,Pt,N,11,2.33613,2.28600,0.05013,0.05_to_0.10_above
TUYHAY,V,N,5,2.45431,2.45000,0.00431,0_to_0.025_above
TUYVAM,Ni,S,2,2.64580,2.62200,0.02380,0_to_0.025_above
UBEYAB,Pt,Cl,2,2.50781,2.50100,0.00681,0_to_0.025_above
UBEYAB,Pt,N,5,2.30624,2.28600,0.02024,0_to_0.025_above
UBOXER,Mo,O,6,2.48609,2.44400,0.04209,0.025_to_0.05_above
UBOXIV,Mo,O,6,2.48346,2.44400,0.03946,0.025_to_0.05_above
UCAWAX,Os,N,5,2.32427,2.31900,0.00527,0_to_0.025_above
UCAWAX,Os,N,2,2.36869,2.31900,0.04969,0.025_to_0.05_above
UDEHEQ,Pt,N,2,2.35559,2.28600,0.06959,0.05_to_0.10_above
UDEPAV,Re,N,7,2.36433,2.35200,0.01233,0_to_0.025_above
UDORIO,Pt,C,15,2.37997,2.36600,0.01397,0_to_0.025_above
UDORIO,Pt,N,4,2.29748,2.28600,0.01148,0_to_0.025_above
UFAZUY,Re,C,8,2.42169,2.41800,0.00369,0_to_0.025_above
UGIMIG,Ir,C,11,2.36623,2.36200,0.00423,0_to_0.025_above
UHIKAX,Re,N,6,2.38235,2.35200,0.03035,0.025_to_0.05_above
UHIKAX,Re,N,7,2.38249,2.35200,0.03049,0.025_to_0.05_above
UJIZOC,Ti,C,18,2.65560,2.59200,0.06360,0.05_to_0.10_above
UKEDAR,Ir,O,4,2.43938,2.40800,0.03138,0.025_to_0.05_above
UKUYAC,V,N,4,2.45597,2.45000,0.00597,0_to_0.025_above
ULATUY,V,N,5,2.45757,2.45000,0.00757,0_to_0.025_above
ULONIS,Ti,O,5,2.45507,2.34500,0.11007,0.10_to_0.20_above
UMUXEF,Cr,N,7,2.33298,2.33200,0.00098,0_to_0.025_above
UNIPEM,Ni,C,34,3.19152,2.43500,0.75652,more_than_0.20_above
UROPOH,Ti,N,2,2.53054,2.47800,0.05254,0.05_to_0.10_above
UROPUN,Ti,N,5,2.51943,2.47800,0.04143,0.025_to_0.05_above
USIGEJ,W,C,19,2.58026,2.50200,0.07826,0.05_to_0.10_above
USIGEJ,W,C,18,2.58844,2.50200,0.08644,0.05_to_0.10_above
UTADEZ,Re,S,75,2.62339,2.60300,0.02039,0_to_0.025_above
UVIDAG,W,C,39,2.51432,2.50200,0.01232,0_to_0.025_above
UVIDAG,W,C,14,2.65227,2.50200,0.15027,0.10_to_0.20_above
UVIDAG,W,C,4,2.66557,2.50200,0.16357,0.10_to_0.20_above
UVIDAG,W,C,38,2.71500,2.50200,0.21300,more_than_0.20_above
UXAJOT,Pt,C,57,3.31349,2.36600,0.94749,more_than_0.20_above
UYEQAR,Ni,C,22,2.90501,2.43500,0.47001,more_than_0.20_above
UYEQOF,Ni,C,20,2.96572,2.43500,0.53072,more_than_0.20_above
UZANIU,Pt,C,20,3.13100,2.36600,0.76500,more_than_0.20_above
UZASIZ,Pt,C,14,3.13942,2.36600,0.77342,more_than_0.20_above
VALFET,Ru,C,11,3.44879,2.39600,1.05279,more_than_0.20_above
VAMXAJ,Tc,O,7,2.56286,2.39600,0.16686,0.10_to_0.20_above
VANKEC,Re,O,21,2.36255,2.31200,0.05055,0.05_to_0.10_above
VAVGAA,Hg,C,3,2.16702,2.85100,-0.68398,within_cutoff_but_pruned
VAWBIH,Mo,N,50,2.52390,2.51800,0.00590,0_to_0.025_above
VAXKOU,Hg,C,7,2.19790,2.85100,-0.65310,within_cutoff_but_pruned
VAXKOU,Hg,C,2,2.19790,2.85100,-0.65310,within_cutoff_but_pruned
VEBZAF,Re,Cl,2,2.61290,2.59900,0.01390,0_to_0.025_above
VEHBAM,Pt,N,3,2.30257,2.28600,0.01657,0_to_0.025_above
VEMREL,V,N,6,2.50745,2.45000,0.05745,0.05_to_0.10_above
VEPYOE,W,C,11,2.50568,2.50200,0.00368,0_to_0.025_above
VEQLAE,Re,N,4,2.45480,2.35200,0.10280,0.10_to_0.20_above
VEQLIM,Re,N,5,2.45567,2.35200,0.10367,0.10_to_0.20_above
VERXUL,Nb,C,26,3.34642,2.64000,0.70642,more_than_0.20_above
VESLEK,Zr,C,8,3.18068,2.71700,0.46368,more_than_0.20_above
VEVCOQ,Pd,N,8,2.30544,2.27500,0.03044,0.025_to_0.05_above
VEWNOA,Ti,C,5,3.50886,2.59200,0.91686,more_than_0.20_above
VEZGOW,Re,C,17,2.52954,2.41800,0.11154,0.10_to_0.20_above
VIFQOR,V,C,5,2.48342,2.45800,0.02542,0.025_to_0.05_above
VIHHUS,Mn,C,5,2.22521,2.35700,-0.13179,within_cutoff_but_pruned
VIMDAW,W,C,14,3.29815,2.50200,0.79615,more_than_0.20_above
VIMFAA,Nb,N,65,2.67221,2.56200,0.11021,0.10_to_0.20_above
VIQQUH,Ru,C,8,2.40059,2.39600,0.00459,0_to_0.025_above
VIQSOD,Ru,C,4,2.41554,2.39600,0.01954,0_to_0.025_above
VISWUR,Pd,N,4,2.30417,2.27500,0.02917,0.025_to_0.05_above
VISWUR,Pd,N,2,2.30818,2.27500,0.03318,0.025_to_0.05_above
VISXAY,Pd,N,6,2.28645,2.27500,0.01145,0_to_0.025_above
VISXAY,Pd,N,4,2.32697,2.27500,0.05197,0.05_to_0.10_above
VITCUW,Pd,N,4,2.30443,2.27500,0.02943,0.025_to_0.05_above
VODDOI,Re,N,15,2.45414,2.35200,0.10214,0.10_to_0.20_above
VOGYIA,Pd,N,5,2.30237,2.27500,0.02737,0.025_to_0.05_above
VOKQUI,Nb,N,3,2.58598,2.56200,0.02398,0_to_0.025_above
VOKSIX,Nb,C,32,3.32386,2.64000,0.68386,more_than_0.20_above
VOLFOU,Zr,O,4,2.56603,2.51900,0.04703,0.025_to_0.05_above
VOLFOU,Zr,O,5,2.56626,2.51900,0.04726,0.025_to_0.05_above
VOLGOV,Hf,O,3,2.49713,2.46800,0.02913,0.025_to_0.05_above
VOLGOV,Hf,O,5,2.61006,2.46800,0.14206,0.10_to_0.20_above
VOLGUB,Zr,O,3,2.62941,2.51900,0.11041,0.10_to_0.20_above
VOLHAI,Zr,O,75,2.56693,2.51900,0.04793,0.025_to_0.05_above
VOLHAI,Zr,O,37,2.56709,2.51900,0.04809,0.025_to_0.05_above
VOMGOU,Pt,N,7,2.33607,2.28600,0.05007,0.05_to_0.10_above
VOMGOU,Pt,N,9,2.34541,2.28600,0.05941,0.05_to_0.10_above
VOSPAW,Pd,N,58,2.32030,2.27500,0.04530,0.025_to_0.05_above
VUBCEC,Pd,N,4,2.29323,2.27500,0.01823,0_to_0.025_above
VUBCEC,Pd,N,5,2.29324,2.27500,0.01824,0_to_0.025_above
VUPMEY,W,C,6,2.50617,2.50200,0.00417,0_to_0.025_above
VUPMEY,W,C,7,2.54763,2.50200,0.04563,0.025_to_0.05_above
VUPVOT,Pd,N,8,2.27856,2.27500,0.00356,0_to_0.025_above
VUSDUI,Zn,Cl,9,2.47004,2.44600,0.02404,0_to_0.025_above
VUSDUI,Zn,Cl,24,2.47004,2.44600,0.02404,0_to_0.025_above
VUTPIL,Pd,N,4,2.29191,2.27500,0.01691,0_to_0.025_above
VUTXUF,Re,N,3,2.54619,2.35200,0.19419,0.10_to_0.20_above
WALMUU,V,N,10,2.45526,2.45000,0.00526,0_to_0.025_above
WALNAB,V,N,6,2.45335,2.45000,0.00335,0_to_0.025_above
WALNEF,Mo,N,2,2.60193,2.51800,0.08393,0.05_to_0.10_above
WANDOH,Ir,C,36,2.37746,2.36200,0.01546,0_to_0.025_above
WANDOH,Ir,C,37,2.39319,2.36200,0.03119,0.025_to_0.05_above
WAPSEN,Rh,C,34,3.02883,2.43700,0.59183,more_than_0.20_above
WAPSEN,Rh,C,50,3.06721,2.43700,0.63021,more_than_0.20_above
WAQWOA,W,C,13,3.20144,2.50200,0.69944,more_than_0.20_above
WAWNOX,Pt,C,3,2.37258,2.36600,0.00658,0_to_0.025_above
WAYCOO,Re,C,13,3.30950,2.41800,0.89150,more_than_0.20_above
WAYCOO,Re,C,17,3.35701,2.41800,0.93901,more_than_0.20_above
WAYCOO,Re,C,15,3.35784,2.41800,0.93984,more_than_0.20_above
WAYKEM,Pt,P,5,2.47882,2.45100,0.02782,0.025_to_0.05_above
WECKUK,Re,N,11,2.36123,2.35200,0.00923,0_to_0.025_above
WECZOT,Ti,O,7,2.40491,2.34500,0.05991,0.05_to_0.10_above
WECZOT,Ti,O,6,2.40573,2.34500,0.06073,0.05_to_0.10_above
WEHGOH,Fe,O,6,2.41444,2.41200,0.00244,0_to_0.025_above
WEKREJ,Re,C,9,2.43331,2.41800,0.01531,0_to_0.025_above
WEKRIN,Re,C,10,2.61654,2.41800,0.19854,0.10_to_0.20_above
WEKRIN,Re,C,9,2.62222,2.41800,0.20422,more_than_0.20_above
WENCIC,Ti,N,5,2.53574,2.47800,0.05774,0.05_to_0.10_above
WENCUO,Ti,N,5,2.48643,2.47800,0.00843,0_to_0.025_above
WENDAV,Ti,N,5,2.48254,2.47800,0.00454,0_to_0.025_above
WEPVOC,Ni,C,10,3.14111,2.43500,0.70611,more_than_0.20_above
WEPVOC,Ni,C,8,3.14111,2.43500,0.70611,more_than_0.20_above
WEQHEG,Rh,C,4,2.18574,2.43700,-0.25126,within_cutoff_but_pruned
WEXFAI,V,O,20,2.54370,2.41000,0.13370,0.10_to_0.20_above
WIDLAY,Pd,C,1,2.05722,2.49900,-0.44178,within_cutoff_but_pruned
WIDLOK,Re,C,22,2.61537,2.41800,0.19737,0.10_to_0.20_above
WIDLOK,Re,C,23,2.61738,2.41800,0.19938,0.10_to_0.20_above
WIHPAE,Pd,N,14,2.35258,2.27500,0.07758,0.05_to_0.10_above
WIJKOP,W,C,15,3.38489,2.50200,0.88289,more_than_0.20_above
WIJKUV,W,C,9,3.19094,2.50200,0.68894,more_than_0.20_above
WIQCOQ,Mo,O,13,2.48642,2.44400,0.04242,0.025_to_0.05_above
WIRVAX,W,O,10,2.42056,2.42000,0.00056,0_to_0.025_above
WIRVAX,W,O,11,2.42067,2.42000,0.00067,0_to_0.025_above
WIRVIF,W,O,14,2.42528,2.42000,0.00528,0_to_0.025_above
WIRVUR,W,O,4,2.44042,2.42000,0.02042,0_to_0.025_above
WIRVUR,W,O,5,2.45875,2.42000,0.03875,0.025_to_0.05_above
WIVVUS,Re,C,18,2.43870,2.41800,0.02070,0_to_0.025_above
WIZLAU,Ni,O,7,2.41346,2.37700,0.03646,0.025_to_0.05_above
WOJGAE,Pt,C,24,2.38168,2.36600,0.01568,0_to_0.025_above
WOKDEF,Zr,N,7,2.62786,2.60400,0.02386,0_to_0.025_above
WOLKUD,W,C,3,2.51942,2.50200,0.01742,0_to_0.025_above
WOLKUD,W,C,6,2.52532,2.50200,0.02332,0_to_0.025_above
WOLKUD,W,C,7,2.60175,2.50200,0.09975,0.05_to_0.10_above
WOLKUD,W,C,13,3.20560,2.50200,0.70360,more_than_0.20_above
WOMYAB,Re,N,10,2.36117,2.35200,0.00917,0_to_0.025_above
WOMYEF,Re,N,5,2.45270,2.35200,0.10070,0.10_to_0.20_above
WORBOW,Ti,N,6,2.52694,2.47800,0.04894,0.025_to_0.05_above
WORNAS,Ru,N,7,2.54272,2.33000,0.21272,more_than_0.20_above
WORNEW,Ru,N,7,2.56042,2.33000,0.23042,more_than_0.20_above
WOWQIK,Pd,O,42,2.32860,2.32100,0.00760,0_to_0.025_above
WUPKUP,Ti,N,5,2.62246,2.47800,0.14446,0.10_to_0.20_above
WUTQAD,Ta,N,6,2.54748,2.53300,0.01448,0_to_0.025_above
WUTQAD,Ta,N,8,2.54753,2.53300,0.01453,0_to_0.025_above
WUZPOW,Pd,Cl,2,2.56024,2.48800,0.07224,0.05_to_0.10_above
XADBAH,Ru,N,4,2.36937,2.33000,0.03937,0.025_to_0.05_above
XADBEJ,Mo,C,21,3.44869,2.53600,0.91269,more_than_0.20_above
XADBIP,Ru,N,79,2.37412,2.33000,0.04412,0.025_to_0.05_above
XADBUB,Ru,O,8,2.57740,2.41400,0.16340,0.10_to_0.20_above
XAFXIO,W,C,9,3.14904,2.50200,0.64704,more_than_0.20_above
XAGNOI,Cu,C,40,3.21854,2.67200,0.54654,more_than_0.20_above
XAGNOI,Cu,C,7,3.21866,2.67200,0.54666,more_than_0.20_above
XAGNUO,Cu,C,25,3.24594,2.67200,0.57394,more_than_0.20_above
XAGNUO,Cu,C,5,3.24606,2.67200,0.57406,more_than_0.20_above
XAGZIO,Pt,N,53,2.28635,2.28600,0.00035,0_to_0.025_above
XAGZIO,Pt,N,55,2.28689,2.28600,0.00089,0_to_0.025_above
XAJBUF,Pd,P,11,2.46119,2.45800,0.00319,0_to_0.025_above
XAKSAE,Re,N,8,2.39988,2.35200,0.04788,0.025_to_0.05_above
XALQAE,Au,C,3,2.28294,2.28100,0.00194,0_to_0.025_above
XALQAE,Au,C,5,2.33654,2.28100,0.05554,0.05_to_0.10_above
XALQEI,Au,C,2,2.30331,2.28100,0.02231,0_to_0.025_above
XALQEI,Au,C,4,2.30459,2.28100,0.02359,0_to_0.025_above
XALSUA,Pt,Cl,2,2.51870,2.50100,0.01770,0_to_0.025_above
XARGAZ,Pt,O,28,2.36540,2.29500,0.07040,0.05_to_0.10_above
XARRAK,Fe,C,14,4.08908,2.32900,1.76008,more_than_0.20_above
XARREO,Fe,C,17,3.45326,2.32900,1.12426,more_than_0.20_above
XARRIS,Fe,C,24,3.45432,2.32900,1.12532,more_than_0.20_above
XAVJOT,Re,O,6,2.33068,2.31200,0.01868,0_to_0.025_above
XAVXUP,Pd,C,3,2.91791,2.49900,0.41891,more_than_0.20_above
XAWJAH,Ti,N,4,2.57865,2.47800,0.10065,0.10_to_0.20_above
XAZBEI,Au,C,6,2.34813,2.28100,0.06713,0.05_to_0.10_above
XECSON,Ni,C,20,3.15475,2.43500,0.71975,more_than_0.20_above
XECTAA,Ni,C,12,3.11238,2.43500,0.67738,more_than_0.20_above
XEHCUJ,Pt,N,3,2.32887,2.28600,0.04287,0.025_to_0.05_above
XEHDEU,Pt,N,4,2.30306,2.28600,0.01706,0_to_0.025_above
XEMYAR,Cu,C,8,3.08033,2.67200,0.40833,more_than_0.20_above
XEMYIX,Re,N,6,2.39170,2.35200,0.03970,0.025_to_0.05_above
XEMYIX,Re,N,7,2.39175,2.35200,0.03975,0.025_to_0.05_above
XERLIS,Ir,C,72,2.33661,2.36200,-0.02539,within_cutoff_but_pruned
XERLIS,Ir,C,74,2.36777,2.36200,0.00577,0_to_0.025_above
XERLIS,Ir,C,70,2.39044,2.36200,0.02844,0.025_to_0.05_above
XERLIS,Ir,C,76,2.40478,2.36200,0.04278,0.025_to_0.05_above
XEVPAQ,Ti,O,4,2.48120,2.34500,0.13620,0.10_to_0.20_above
XEWTIF,Ir,C,34,2.37053,2.36200,0.00853,0_to_0.025_above
XEWTIF,Ir,C,22,2.37602,2.36200,0.01402,0_to_0.025_above
XEXKUG,Ti,N,24,2.54154,2.47800,0.06354,0.05_to_0.10_above
XEXKUG,Ti,N,5,2.54163,2.47800,0.06363,0.05_to_0.10_above
XEYBAF,Pd,N,2,2.29696,2.27500,0.02196,0_to_0.025_above
XEYBEJ,Pd,N,25,2.29203,2.27500,0.01703,0_to_0.025_above
XEYBEJ,Pd,N,3,2.29209,2.27500,0.01709,0_to_0.025_above
XEYNIA,Pt,S,2,2.51394,2.51100,0.00294,0_to_0.025_above
XIGHIE,Pt,C,28,3.12404,2.36600,0.75804,more_than_0.20_above
XIGHIE,Pt,N,3,2.33732,2.28600,0.05132,0.05_to_0.10_above
XIGHOK,Pt,C,63,3.33450,2.36600,0.96850,more_than_0.20_above
XIGHUQ,Pt,N,3,2.37303,2.28600,0.08703,0.05_to_0.10_above
XIKNOV,Pt,C,4,3.31283,2.36600,0.94683,more_than_0.20_above
XISBUW,Ir,C,7,2.32021,2.36200,-0.04179,within_cutoff_but_pruned
XISBUW,Ir,C,8,2.37112,2.36200,0.00912,0_to_0.025_above
XISBUW,Ir,C,6,2.39063,2.36200,0.02863,0.025_to_0.05_above
XITKOB,W,C,77,2.52428,2.50200,0.02228,0_to_0.025_above
XITKOB,W,C,79,2.56123,2.50200,0.05923,0.05_to_0.10_above
XITKOB,W,N,69,2.50693,2.48100,0.02593,0.025_to_0.05_above
XITYEH,Pt,C,13,2.40643,2.36600,0.04043,0.025_to_0.05_above
XIXDOX,Zr,N,15,2.63369,2.60400,0.02969,0.025_to_0.05_above
XIXNIE,Pd,C,6,2.08897,2.49900,-0.41003,within_cutoff_but_pruned
XIXVOP,Hf,N,9,2.61500,2.55800,0.05700,0.05_to_0.10_above
XIZGOD,Pt,C,18,3.20870,2.36600,0.84270,more_than_0.20_above
XOCHED,Re,Cl,2,2.69528,2.59900,0.09628,0.05_to_0.10_above
XODMIN,Re,O,5,2.44893,2.31200,0.13693,0.10_to_0.20_above
XOGQAM,Ti,N,5,2.52529,2.47800,0.04729,0.025_to_0.05_above
XOGQIU,Ti,N,2,2.58438,2.47800,0.10638,0.10_to_0.20_above
XOWNEC,Mo,N,9,2.52969,2.51800,0.01169,0_to_0.025_above
XUDBUT,Pt,S,2,2.51587,2.51100,0.00487,0_to_0.025_above
XUHRUP,Hf,O,16,2.58767,2.46800,0.11967,0.10_to_0.20_above
XUJFAJ,Mo,O,4,2.51238,2.44400,0.06838,0.05_to_0.10_above
XUSKOL,Ta,C,15,3.18396,2.62300,0.56096,more_than_0.20_above
XUSKOL,Ta,O,5,2.47300,2.40700,0.06600,0.05_to_0.10_above
XUSKUR,Ta,C,17,3.19554,2.62300,0.57254,more_than_0.20_above
XUSLAY,Ta,C,18,3.25768,2.62300,0.63468,more_than_0.20_above
XUSLEC,Ta,C,16,3.22453,2.62300,0.60153,more_than_0.20_above
XUSLEC,Ta,N,5,2.61197,2.53300,0.07897,0.05_to_0.10_above
XUZHAD,Ru,P,3,2.53562,2.50600,0.02962,0.025_to_0.05_above
XUZLAF,Ru,C,5,2.11450,2.39600,-0.28150,within_cutoff_but_pruned
YAFFET,Mn,C,1,2.35720,2.35700,0.00020,0_to_0.025_above
YAJREJ,W,C,9,2.51668,2.50200,0.01468,0_to_0.025_above
YAJREJ,W,C,8,2.51671,2.50200,0.01471,0_to_0.025_above
YALLUT,Pd,N,5,2.28415,2.27500,0.00915,0_to_0.025_above
YAMGEY,Rh,O,2,2.98864,2.43600,0.55264,more_than_0.20_above
YAQFEB,Ru,C,14,2.46782,2.39600,0.07182,0.05_to_0.10_above
YASPAM,Ru,P,4,2.51446,2.50600,0.00846,0_to_0.025_above
YASPOX,Pt,C,15,2.37045,2.36600,0.00445,0_to_0.025_above
YAVFAF,Au,C,22,2.14007,2.28100,-0.14093,within_cutoff_but_pruned
YAVHAF,Ni,C,23,3.17863,2.43500,0.74363,more_than_0.20_above
YEBDOY,Ru,C,21,2.39801,2.39600,0.00201,0_to_0.025_above
YECDOC,V,O,8,2.41114,2.41000,0.00114,0_to_0.025_above
YECGAP,Ir,C,22,2.39195,2.36200,0.02995,0.025_to_0.05_above
YECGAP,Ir,C,20,2.40158,2.36200,0.03958,0.025_to_0.05_above
YECJAR,Zr,C,16,2.72509,2.71700,0.00809,0_to_0.025_above
YEDHIB,Mo,O,8,2.49680,2.44400,0.05280,0.05_to_0.10_above
YEFQUW,Pd,N,5,2.29505,2.27500,0.02005,0_to_0.025_above
YEFREH,Pd,N,4,2.28034,2.27500,0.00534,0_to_0.025_above
YEJHUS,Ru,N,6,2.34281,2.33000,0.01281,0_to_0.025_above
YEJXAN,Pt,N,6,2.32702,2.28600,0.04102,0.025_to_0.05_above
YEMGEC,Pd,N,2,2.27624,2.27500,0.00124,0_to_0.025_above
YEMGEC,Pd,N,3,2.27630,2.27500,0.00130,0_to_0.025_above
YEQGAC,W,C,8,2.51633,2.50200,0.01433,0_to_0.025_above
YEQGAC,W,C,9,2.52466,2.50200,0.02266,0_to_0.025_above
YEVWAX,Mo,O,4,2.56690,2.44400,0.12290,0.10_to_0.20_above
YEWNAQ,Nb,C,16,3.15272,2.64000,0.51272,more_than_0.20_above
YEXKET,Ru,C,25,2.86723,2.39600,0.47123,more_than_0.20_above
YEZTEC,Pd,N,3,2.27850,2.27500,0.00350,0_to_0.025_above
YIDSEM,Ti,N,9,2.57040,2.47800,0.09240,0.05_to_0.10_above
YIFZES,Ti,Cl,23,2.60843,2.51500,0.09343,0.05_to_0.10_above
YIJFAY,Pd,N,7,2.30084,2.27500,0.02584,0.025_to_0.05_above
YIJFAY,Pd,N,2,2.31704,2.27500,0.04204,0.025_to_0.05_above
YIMJIQ,Ni,C,2,1.95293,2.43500,-0.48207,within_cutoff_but_pruned
YISLAO,Pt,Cl,1,2.50197,2.50100,0.00097,0_to_0.025_above
YITLIX,V,O,6,2.54142,2.41000,0.13142,0.10_to_0.20_above
YIXWEH,Rh,S,3,2.63326,2.55100,0.08226,0.05_to_0.10_above
YIYMEA,Re,N,8,2.41485,2.35200,0.06285,0.05_to_0.10_above
YIYMIE,Re,N,5,2.41387,2.35200,0.06187,0.05_to_0.10_above
YIYQEC,Ru,C,32,2.61033,2.39600,0.21433,more_than_0.20_above
YIYQEC,Ru,C,57,2.61033,2.39600,0.21433,more_than_0.20_above
YIZJEX,Pt,N,12,2.31735,2.28600,0.03135,0.025_to_0.05_above
YIZJEX,Pt,N,9,2.34516,2.28600,0.05916,0.05_to_0.10_above
YIZLIC,Ti,N,16,2.53143,2.47800,0.05343,0.05_to_0.10_above
YOBCIB,Ru,C,9,2.44284,2.39600,0.04684,0.025_to_0.05_above
YOBCIB,Ru,C,10,2.45535,2.39600,0.05935,0.05_to_0.10_above
YODJOQ,Pt,S,4,2.57178,2.51100,0.06078,0.05_to_0.10_above
YODJOQ,Pt,S,5,2.58556,2.51100,0.07456,0.05_to_0.10_above
YOGBEB,Tc,N,6,2.34298,2.33700,0.00598,0_to_0.025_above
YOJXIF,Ti,N,2,2.69605,2.47800,0.21805,more_than_0.20_above
YOJXIF,Ti,N,3,2.69605,2.47800,0.21805,more_than_0.20_above
YOJZOM,Re,C,11,3.34437,2.41800,0.92637,more_than_0.20_above
YOJZOM,Re,C,7,3.34519,2.41800,0.92719,more_than_0.20_above
YOKTIE,Re,O,5,2.38302,2.31200,0.07102,0.05_to_0.10_above
YOLPOF,Pt,N,29,2.28613,2.28600,0.00013,0_to_0.025_above
YOLPOF,Pt,N,27,2.28682,2.28600,0.00082,0_to_0.025_above
YOMZOP,V,N,6,2.52198,2.45000,0.07198,0.05_to_0.10_above
YOVNOM,Mn,C,24,2.35718,2.35700,0.00018,0_to_0.025_above
YOXLAA,V,N,8,2.53050,2.45000,0.08050,0.05_to_0.10_above
YOXLEE,V,N,9,2.63560,2.45000,0.18560,0.10_to_0.20_above
YOZFID,Nb,C,55,3.15001,2.64000,0.51001,more_than_0.20_above
YOZFOJ,Nb,C,25,3.14839,2.64000,0.50839,more_than_0.20_above
YOZFUP,Nb,C,40,3.16001,2.64000,0.52001,more_than_0.20_above
YOZFUP,Nb,N,49,2.57005,2.56200,0.00805,0_to_0.025_above
YUCMAK,Ti,N,12,2.64659,2.47800,0.16859,0.10_to_0.20_above
YUCMAK,Ti,O,4,2.41101,2.34500,0.06601,0.05_to_0.10_above
YUDCUV,Re,S,4,2.62220,2.60300,0.01920,0_to_0.025_above
YUDCUV,Re,S,3,2.62228,2.60300,0.01928,0_to_0.025_above
YUDPET,Ru,P,2,2.52700,2.50600,0.02100,0_to_0.025_above
YUDVEZ,Cr,N,6,2.35705,2.33200,0.02505,0.025_to_0.05_above
YUDWAW,Cr,N,5,2.50800,2.33200,0.17600,0.10_to_0.20_above
YUGFAH,W,C,6,2.50616,2.50200,0.00416,0_to_0.025_above
YUHVIH,Mo,O,35,2.47029,2.44400,0.02629,0.025_to_0.05_above
YUKYUY,V,N,8,2.46959,2.45000,0.01959,0_to_0.025_above
YULBOY,Pt,C,2,3.06842,2.36600,0.70242,more_than_0.20_above
YULBOY,Pt,C,40,3.06842,2.36600,0.70242,more_than_0.20_above
YULBOY,Pt,C,62,3.24312,2.36600,0.87712,more_than_0.20_above
YULBOY,Pt,C,24,3.24320,2.36600,0.87720,more_than_0.20_above
YUVROW,Mo,C,17,3.18389,2.53600,0.64789,more_than_0.20_above
YUXHUU,V,N,6,2.52671,2.45000,0.07671,0.05_to_0.10_above
YUXRIS,V,N,9,2.46319,2.45000,0.01319,0_to_0.025_above
YUXWOD,Re,O,8,2.36473,2.31200,0.05273,0.05_to_0.10_above
ZACSEE,Mo,N,8,2.55450,2.51800,0.03650,0.025_to_0.05_above
ZAJBUH,W,C,7,3.16574,2.50200,0.66374,more_than_0.20_above
ZAKGUN,Mn,C,7,2.36206,2.35700,0.00506,0_to_0.025_above
ZAKGUN,Mn,C,6,2.36390,2.35700,0.00690,0_to_0.025_above
ZAKNII,Zr,C,15,3.53323,2.71700,0.81623,more_than_0.20_above
ZAPXIA,W,N,7,2.52853,2.48100,0.04753,0.025_to_0.05_above
ZAPXIA,W,O,6,2.45125,2.42000,0.03125,0.025_to_0.05_above
ZAXXEB,Pt,C,9,3.19629,2.36600,0.83029,more_than_0.20_above
ZEFNUT,Ir,C,18,2.36570,2.36200,0.00370,0_to_0.025_above
ZEHXIT,Zr,C,14,2.71889,2.71700,0.00189,0_to_0.025_above
ZEHXIT,Zr,C,15,2.72544,2.71700,0.00844,0_to_0.025_above
ZEJNIN,Ru,O,5,2.49069,2.41400,0.07669,0.05_to_0.10_above
ZEJNOT,Ru,Cl,2,2.60479,2.60300,0.00179,0_to_0.025_above
ZEJNOT,Ru,O,4,2.49940,2.41400,0.08540,0.05_to_0.10_above
ZEKKUY,Pt,N,6,2.30631,2.28600,0.02031,0_to_0.025_above
ZELSIV,Re,C,1,2.46334,2.41800,0.04534,0.025_to_0.05_above
ZELSIV,Re,C,9,2.46352,2.41800,0.04552,0.025_to_0.05_above
ZESRUK,Ru,C,8,2.44466,2.39600,0.04866,0.025_to_0.05_above
ZEVGIS,V,N,7,2.48753,2.45000,0.03753,0.025_to_0.05_above
ZIDSUA,Hf,N,2,2.60872,2.55800,0.05072,0.05_to_0.10_above
ZIDTAH,Ti,N,2,2.63164,2.47800,0.15364,0.10_to_0.20_above
ZIGPEK,Mo,O,8,2.67785,2.44400,0.23385,more_than_0.20_above
ZIHMIO,Ir,C,38,2.36625,2.36200,0.00425,0_to_0.025_above
ZIHMIO,Ir,C,33,2.37800,2.36200,0.01600,0_to_0.025_above
ZIHQIS,Pt,P,4,2.46166,2.45100,0.01066,0_to_0.025_above
ZIHQUE,Pt,P,3,2.48728,2.45100,0.03628,0.025_to_0.05_above
ZIJBEB,Ir,C,35,2.37424,2.36200,0.01224,0_to_0.025_above
ZIJBEB,Ir,C,36,2.38818,2.36200,0.02618,0.025_to_0.05_above
ZIJVIX,W,N,7,2.48703,2.48100,0.00603,0_to_0.025_above
ZIJVUJ,W,N,8,2.49140,2.48100,0.01040,0_to_0.025_above
ZIJWAQ,W,N,8,2.49267,2.48100,0.01167,0_to_0.025_above
ZILLIR,Mo,O,7,2.48867,2.44400,0.04467,0.025_to_0.05_above
ZITXUX,Nb,N,6,2.66336,2.56200,0.10136,0.10_to_0.20_above
ZIZWAJ,Zr,N,2,2.63152,2.60400,0.02752,0.025_to_0.05_above
ZOQHIW,W,C,10,2.57451,2.50200,0.07251,0.05_to_0.10_above
ZOQHIW,W,C,11,2.57457,2.50200,0.07257,0.05_to_0.10_above
ZOQTII,Ru,N,6,2.38359,2.33000,0.05359,0.05_to_0.10_above
ZOWYER,Zr,C,9,3.26998,2.71700,0.55298,more_than_0.20_above
ZOZBUL,Ir,O,6,2.50006,2.40800,0.09206,0.05_to_0.10_above
ZUCGOT,Re,C,35,2.42167,2.41800,0.00367,0_to_0.025_above
ZUCGOT,Re,C,34,2.44717,2.41800,0.02917,0.025_to_0.05_above
ZUCGOT,Re,C,11,3.31488,2.41800,0.89688,more_than_0.20_above
ZUCGUZ,Re,C,34,2.46513,2.41800,0.04713,0.025_to_0.05_above
ZUCGUZ,Re,C,17,3.20412,2.41800,0.78612,more_than_0.20_above
ZUDNIX,Mo,O,5,2.49211,2.44400,0.04811,0.025_to_0.05_above
ZUFWAA,Mo,O,7,2.47336,2.44400,0.02936,0.025_to_0.05_above
ZUJQOM,V,N,7,2.48219,2.45000,0.03219,0.025_to_0.05_above
ZUJTUT,Ru,N,3,2.38389,2.33000,0.05389,0.05_to_0.10_above
ZUJTUT,Ru,N,4,2.38394,2.33000,0.05394,0.05_to_0.10_above
ZURFOH,W,C,17,2.54043,2.50200,0.03843,0.025_to_0.05_above
ZURFOH,W,C,20,2.59415,2.50200,0.09215,0.05_to_0.10_above
ZURFOH,W,C,21,2.72454,2.50200,0.22254,more_than_0.20_above
ZURFOH,W,C,6,3.10037,2.50200,0.59837,more_than_0.20_above
ZUSLUW,Ru,O,6,2.48456,2.41400,0.07056,0.05_to_0.10_above
ZUSSAH,Ta,N,8,2.56326,2.53300,0.03026,0.025_to_0.05_above
ZUTKEE,Pd,N,14,2.28550,2.27500,0.01050,0_to_0.025_above
ZUXRAL,Pt,O,2,2.32682,2.29500,0.03182,0.025_to_0.05_above
ZUXRIT,Pd,N,4,2.28565,2.27500,0.01065,0_to_0.025_above
