pair,direction,metal,donor,edge_count,complex_count
ILP / CSD,extra_in_ILP,Zn,O,308,217
ILP / CSD,extra_in_ILP,Zn,C,178,116
ILP / CSD,extra_in_ILP,Ti,C,114,80
ILP / CSD,extra_in_ILP,Hg,O,93,61
ILP / CSD,extra_in_ILP,Zr,C,85,52
ILP / CSD,extra_in_ILP,Cd,O,77,59
ILP / CSD,extra_in_ILP,Cu,O,75,58
ILP / CSD,extra_in_ILP,Ag,O,69,63
ILP / CSD,extra_in_ILP,Cu,C,65,44
ILP / CSD,extra_in_ILP,Fe,H,39,31
ILP / CSD,extra_in_ILP,Ni,C,39,28
ILP / CSD,extra_in_ILP,Hg,N,37,27
ILP / CSD,extra_in_ILP,Ag,C,32,26
ILP / CSD,extra_in_ILP,Zn,S,32,21
ILP / CSD,extra_in_ILP,Y,C,30,22
ILP / CSD,extra_in_ILP,Ru,B,27,26
ILP / CSD,extra_in_ILP,Ni,H,22,20
ILP / CSD,extra_in_ILP,Zr,B,20,17
ILP / CSD,extra_in_ILP,Ag,N,19,16
ILP / CSD,extra_in_ILP,Hg,S,19,18
ILP / CSD,extra_in_ILP,Cr,H,17,13
ILP / CSD,extra_in_ILP,Hf,C,17,10
ILP / CSD,extra_in_ILP,Zn,N,16,12
ILP / CSD,extra_in_ILP,Fe,O,15,14
ILP / CSD,extra_in_ILP,Fe,B,14,13
ILP / CSD,extra_in_ILP,Ag,S,13,10
ILP / CSD,extra_in_ILP,Co,C,12,10
ILP / CSD,extra_in_ILP,Cu,H,12,9
ILP / CSD,extra_in_ILP,Cd,C,11,6
ILP / CSD,extra_in_ILP,Hg,C,11,9
ILP / CSD,extra_in_ILP,Mo,B,11,9
ILP / CSD,extra_in_ILP,Y,B,11,6
ILP / CSD,extra_in_ILP,Y,H,11,9
ILP / CSD,extra_in_ILP,Cu,N,10,9
ILP / CSD,extra_in_ILP,Pd,C,10,7
ILP / CSD,extra_in_ILP,Cu,B,9,9
ILP / CSD,extra_in_ILP,Fe,C,9,8
ILP / CSD,extra_in_ILP,Pt,C,9,8
ILP / CSD,extra_in_ILP,Cd,N,8,6
ILP / CSD,extra_in_ILP,Ni,N,8,7
ILP / CSD,extra_in_ILP,Pt,H,8,8
ILP / CSD,extra_in_ILP,Rh,H,8,8
ILP / CSD,extra_in_ILP,Pd,O,7,7
ILP / CSD,extra_in_ILP,Zn,B,7,4
ILP / CSD,extra_in_ILP,Cr,C,6,4
ILP / CSD,extra_in_ILP,Fe,N,6,6
ILP / CSD,extra_in_ILP,La,C,6,2
ILP / CSD,extra_in_ILP,Nb,C,6,4
ILP / CSD,extra_in_ILP,Ta,C,6,4
ILP / CSD,extra_in_ILP,Ti,S,6,6
ILP / CSD,extra_in_ILP,Zr,H,6,6
ILP / CSD,extra_in_ILP,Zr,P,6,4
ILP / CSD,extra_in_ILP,Cd,S,5,4
ILP / CSD,extra_in_ILP,Fe,F,5,2
ILP / CSD,extra_in_ILP,Ir,B,5,5
ILP / CSD,extra_in_ILP,Mn,B,5,5
ILP / CSD,extra_in_ILP,Mo,C,5,5
ILP / CSD,extra_in_ILP,Ni,O,5,5
ILP / CSD,extra_in_ILP,Ni,S,5,3
ILP / CSD,extra_in_ILP,Pt,O,5,4
ILP / CSD,extra_in_ILP,Ru,H,5,5
ILP / CSD,extra_in_ILP,Ru,O,5,4
ILP / CSD,extra_in_ILP,Ti,B,5,4
ILP / CSD,extra_in_ILP,V,C,5,3
ILP / CSD,extra_in_ILP,Zn,P,5,5
ILP / CSD,extra_in_ILP,Zr,F,5,5
ILP / CSD,extra_in_ILP,Cr,B,4,3
ILP / CSD,extra_in_ILP,Ir,H,4,4
ILP / CSD,extra_in_ILP,Ir,O,4,4
ILP / CSD,extra_in_ILP,Mn,O,4,3
ILP / CSD,extra_in_ILP,Ni,B,4,4
ILP / CSD,extra_in_ILP,Pd,H,4,4
ILP / CSD,extra_in_ILP,Pt,B,4,2
ILP / CSD,extra_in_ILP,Re,B,4,4
ILP / CSD,extra_in_ILP,Sc,O,4,3
ILP / CSD,extra_in_ILP,Ta,O,4,3
ILP / CSD,extra_in_ILP,Ti,P,4,4
ILP / CSD,extra_in_ILP,Y,O,4,3
ILP / CSD,extra_in_ILP,Zr,O,4,2
ILP / CSD,extra_in_ILP,Fe,S,3,3
ILP / CSD,extra_in_ILP,Mo,H,3,3
ILP / CSD,extra_in_ILP,Pd,B,3,3
ILP / CSD,extra_in_ILP,Pd,N,3,2
ILP / CSD,extra_in_ILP,Rh,F,3,3
ILP / CSD,extra_in_ILP,Ru,C,3,3
ILP / CSD,extra_in_ILP,Ti,N,3,1
ILP / CSD,extra_in_ILP,Ti,O,3,3
ILP / CSD,extra_in_ILP,W,C,3,2
ILP / CSD,extra_in_ILP,Y,S,3,3
ILP / CSD,extra_in_ILP,Zn,F,3,3
ILP / CSD,extra_in_ILP,Zn,H,3,2
ILP / CSD,extra_in_ILP,Ag,H,2,2
ILP / CSD,extra_in_ILP,Au,C,2,1
ILP / CSD,extra_in_ILP,Cd,F,2,2
ILP / CSD,extra_in_ILP,Co,H,2,2
ILP / CSD,extra_in_ILP,Co,N,2,2
ILP / CSD,extra_in_ILP,Cr,O,2,2
ILP / CSD,extra_in_ILP,Cu,S,2,2
ILP / CSD,extra_in_ILP,Fe,Cl,2,1
ILP / CSD,extra_in_ILP,Hf,O,2,1
ILP / CSD,extra_in_ILP,Hf,S,2,2
ILP / CSD,extra_in_ILP,Hg,H,2,2
ILP / CSD,extra_in_ILP,Ir,C,2,2
ILP / CSD,extra_in_ILP,Ni,Cl,2,2
ILP / CSD,extra_in_ILP,Re,C,2,2
ILP / CSD,extra_in_ILP,Re,H,2,2
ILP / CSD,extra_in_ILP,Rh,B,2,2
ILP / CSD,extra_in_ILP,Rh,C,2,2
ILP / CSD,extra_in_ILP,Rh,N,2,2
ILP / CSD,extra_in_ILP,Rh,O,2,2
ILP / CSD,extra_in_ILP,Sc,B,2,2
ILP / CSD,extra_in_ILP,Ta,B,2,2
ILP / CSD,extra_in_ILP,Ta,N,2,1
ILP / CSD,extra_in_ILP,Ti,F,2,2
ILP / CSD,extra_in_ILP,V,H,2,2
ILP / CSD,extra_in_ILP,W,H,2,2
ILP / CSD,extra_in_ILP,Zr,S,2,2
ILP / CSD,extra_in_ILP,Ag,Se,1,1
ILP / CSD,extra_in_ILP,Au,N,1,1
ILP / CSD,extra_in_ILP,Co,B,1,1
ILP / CSD,extra_in_ILP,Co,O,1,1
ILP / CSD,extra_in_ILP,Cr,N,1,1
ILP / CSD,extra_in_ILP,Cu,P,1,1
ILP / CSD,extra_in_ILP,Fe,Br,1,1
ILP / CSD,extra_in_ILP,Hf,B,1,1
ILP / CSD,extra_in_ILP,Hf,F,1,1
ILP / CSD,extra_in_ILP,Hf,N,1,1
ILP / CSD,extra_in_ILP,Hg,Cl,1,1
ILP / CSD,extra_in_ILP,Ir,N,1,1
ILP / CSD,extra_in_ILP,La,B,1,1
ILP / CSD,extra_in_ILP,La,H,1,1
ILP / CSD,extra_in_ILP,La,N,1,1
ILP / CSD,extra_in_ILP,Mn,H,1,1
ILP / CSD,extra_in_ILP,Mn,Si,1,1
ILP / CSD,extra_in_ILP,Mo,O,1,1
ILP / CSD,extra_in_ILP,Nb,Cl,1,1
ILP / CSD,extra_in_ILP,Nb,H,1,1
ILP / CSD,extra_in_ILP,Os,B,1,1
ILP / CSD,extra_in_ILP,Pd,As,1,1
ILP / CSD,extra_in_ILP,Re,N,1,1
ILP / CSD,extra_in_ILP,Re,O,1,1
ILP / CSD,extra_in_ILP,Ru,S,1,1
ILP / CSD,extra_in_ILP,Sc,S,1,1
ILP / CSD,extra_in_ILP,Tc,B,1,1
ILP / CSD,extra_in_ILP,Ti,As,1,1
ILP / CSD,extra_in_ILP,Ti,H,1,1
ILP / CSD,extra_in_ILP,V,B,1,1
ILP / CSD,extra_in_ILP,V,F,1,1
ILP / CSD,extra_in_ILP,V,O,1,1
ILP / CSD,extra_in_ILP,W,N,1,1
ILP / CSD,extra_in_ILP,Zr,N,1,1
ILP / CSD,extra_in_ILP,Zr,Se,1,1
ILP / CSD,missing_from_ILP,Ni,O,681,433
ILP / CSD,missing_from_ILP,Ni,N,363,247
ILP / CSD,missing_from_ILP,Mo,O,229,223
ILP / CSD,missing_from_ILP,W,C,192,144
ILP / CSD,missing_from_ILP,Zn,N,139,119
ILP / CSD,missing_from_ILP,Re,N,135,114
ILP / CSD,missing_from_ILP,Pd,N,132,113
ILP / CSD,missing_from_ILP,Re,C,129,73
ILP / CSD,missing_from_ILP,Zr,C,129,82
ILP / CSD,missing_from_ILP,Cd,N,118,84
ILP / CSD,missing_from_ILP,Pt,N,114,92
ILP / CSD,missing_from_ILP,Ir,C,111,62
ILP / CSD,missing_from_ILP,Pt,C,97,67
ILP / CSD,missing_from_ILP,Ti,C,94,44
ILP / CSD,missing_from_ILP,Mo,C,90,64
ILP / CSD,missing_from_ILP,Zn,O,90,77
ILP / CSD,missing_from_ILP,V,O,88,87
ILP / CSD,missing_from_ILP,V,N,81,79
ILP / CSD,missing_from_ILP,Ru,C,80,57
ILP / CSD,missing_from_ILP,Ta,C,80,40
ILP / CSD,missing_from_ILP,Cd,O,63,47
ILP / CSD,missing_from_ILP,Re,O,62,61
ILP / CSD,missing_from_ILP,Pd,C,61,42
ILP / CSD,missing_from_ILP,Hg,N,59,48
ILP / CSD,missing_from_ILP,Nb,C,58,43
ILP / CSD,missing_from_ILP,Rh,C,58,38
ILP / CSD,missing_from_ILP,Ti,N,56,49
ILP / CSD,missing_from_ILP,Ni,S,53,37
ILP / CSD,missing_from_ILP,Mo,N,48,38
ILP / CSD,missing_from_ILP,Ni,C,47,41
ILP / CSD,missing_from_ILP,Cr,C,44,35
ILP / CSD,missing_from_ILP,Cu,N,43,38
ILP / CSD,missing_from_ILP,Zn,C,43,33
ILP / CSD,missing_from_ILP,W,N,41,37
ILP / CSD,missing_from_ILP,Fe,C,40,36
ILP / CSD,missing_from_ILP,Ag,C,39,13
ILP / CSD,missing_from_ILP,Cu,C,39,28
ILP / CSD,missing_from_ILP,Hf,C,37,24
ILP / CSD,missing_from_ILP,Ir,N,37,34
ILP / CSD,missing_from_ILP,Pt,O,36,25
ILP / CSD,missing_from_ILP,Ag,O,35,28
ILP / CSD,missing_from_ILP,Au,C,33,26
ILP / CSD,missing_from_ILP,Re,S,33,23
ILP / CSD,missing_from_ILP,Zr,N,33,28
ILP / CSD,missing_from_ILP,Os,C,32,18
ILP / CSD,missing_from_ILP,Ru,N,32,28
ILP / CSD,missing_from_ILP,Mn,C,28,23
ILP / CSD,missing_from_ILP,Ti,O,28,23
ILP / CSD,missing_from_ILP,La,O,24,16
ILP / CSD,missing_from_ILP,Pt,S,23,20
ILP / CSD,missing_from_ILP,Ag,N,22,21
ILP / CSD,missing_from_ILP,W,O,22,19
ILP / CSD,missing_from_ILP,Pt,Cl,21,21
ILP / CSD,missing_from_ILP,Os,N,20,15
ILP / CSD,missing_from_ILP,Rh,N,20,18
ILP / CSD,missing_from_ILP,Co,C,19,16
ILP / CSD,missing_from_ILP,Co,N,19,17
ILP / CSD,missing_from_ILP,Pd,O,19,19
ILP / CSD,missing_from_ILP,Pt,P,18,18
ILP / CSD,missing_from_ILP,Pd,S,17,16
ILP / CSD,missing_from_ILP,Ta,N,17,16
ILP / CSD,missing_from_ILP,Y,N,16,13
ILP / CSD,missing_from_ILP,Fe,O,15,13
ILP / CSD,missing_from_ILP,Ru,H,15,9
ILP / CSD,missing_from_ILP,V,C,15,9
ILP / CSD,missing_from_ILP,Y,C,15,5
ILP / CSD,missing_from_ILP,Zr,O,15,10
ILP / CSD,missing_from_ILP,Au,N,13,12
ILP / CSD,missing_from_ILP,Ru,O,13,13
ILP / CSD,missing_from_ILP,Ta,O,13,13
ILP / CSD,missing_from_ILP,Fe,N,12,10
ILP / CSD,missing_from_ILP,Hf,N,12,7
ILP / CSD,missing_from_ILP,Hg,C,12,9
ILP / CSD,missing_from_ILP,Mo,S,12,8
ILP / CSD,missing_from_ILP,Re,Cl,12,12
ILP / CSD,missing_from_ILP,Os,H,11,6
ILP / CSD,missing_from_ILP,Tc,N,11,9
ILP / CSD,missing_from_ILP,Co,O,10,10
ILP / CSD,missing_from_ILP,Cu,S,10,10
ILP / CSD,missing_from_ILP,Hg,S,10,4
ILP / CSD,missing_from_ILP,La,C,10,5
ILP / CSD,missing_from_ILP,La,N,9,4
ILP / CSD,missing_from_ILP,Zn,Cl,9,8
ILP / CSD,missing_from_ILP,Cu,O,8,8
ILP / CSD,missing_from_ILP,Re,P,8,7
ILP / CSD,missing_from_ILP,Rh,O,8,8
ILP / CSD,missing_from_ILP,Sc,C,8,6
ILP / CSD,missing_from_ILP,W,S,8,5
ILP / CSD,missing_from_ILP,Au,Cl,7,4
ILP / CSD,missing_from_ILP,Hg,O,7,7
ILP / CSD,missing_from_ILP,Ir,O,7,7
ILP / CSD,missing_from_ILP,Mn,Si,7,7
ILP / CSD,missing_from_ILP,Nb,H,7,6
ILP / CSD,missing_from_ILP,Pt,Se,7,3
ILP / CSD,missing_from_ILP,Y,O,7,5
ILP / CSD,missing_from_ILP,Zr,H,7,6
ILP / CSD,missing_from_ILP,Au,S,6,4
ILP / CSD,missing_from_ILP,Ir,H,6,4
ILP / CSD,missing_from_ILP,Ni,Br,6,5
ILP / CSD,missing_from_ILP,Os,O,6,6
ILP / CSD,missing_from_ILP,Sc,N,6,6
ILP / CSD,missing_from_ILP,Au,P,5,5
ILP / CSD,missing_from_ILP,Nb,N,5,5
ILP / CSD,missing_from_ILP,Nb,S,5,4
ILP / CSD,missing_from_ILP,Ni,H,5,3
ILP / CSD,missing_from_ILP,Ni,P,5,3
ILP / CSD,missing_from_ILP,Pt,I,5,5
ILP / CSD,missing_from_ILP,Rh,P,5,5
ILP / CSD,missing_from_ILP,Ru,P,5,5
ILP / CSD,missing_from_ILP,Cd,C,4,3
ILP / CSD,missing_from_ILP,Cd,S,4,2
ILP / CSD,missing_from_ILP,Cr,N,4,4
ILP / CSD,missing_from_ILP,Cr,P,4,4
ILP / CSD,missing_from_ILP,Cu,P,4,4
ILP / CSD,missing_from_ILP,Ir,Cl,4,4
ILP / CSD,missing_from_ILP,Pd,P,4,4
ILP / CSD,missing_from_ILP,Re,Br,4,4
ILP / CSD,missing_from_ILP,Re,Se,4,2
ILP / CSD,missing_from_ILP,Ru,Cl,4,4
ILP / CSD,missing_from_ILP,Sc,O,4,3
ILP / CSD,missing_from_ILP,Tc,O,4,4
ILP / CSD,missing_from_ILP,W,H,4,4
ILP / CSD,missing_from_ILP,W,P,4,4
ILP / CSD,missing_from_ILP,Y,Si,4,3
ILP / CSD,missing_from_ILP,Au,As,3,2
ILP / CSD,missing_from_ILP,Cd,Cl,3,2
ILP / CSD,missing_from_ILP,Cr,Si,3,3
ILP / CSD,missing_from_ILP,Hf,O,3,2
ILP / CSD,missing_from_ILP,Ir,S,3,2
ILP / CSD,missing_from_ILP,Mo,H,3,2
ILP / CSD,missing_from_ILP,Mo,Si,3,3
ILP / CSD,missing_from_ILP,Pd,Cl,3,3
ILP / CSD,missing_from_ILP,Rh,Cl,3,2
ILP / CSD,missing_from_ILP,Sc,H,3,1
ILP / CSD,missing_from_ILP,Ta,S,3,3
ILP / CSD,missing_from_ILP,Ti,Si,3,3
ILP / CSD,missing_from_ILP,Ag,Se,2,1
ILP / CSD,missing_from_ILP,Au,I,2,2
ILP / CSD,missing_from_ILP,Cd,Se,2,2
ILP / CSD,missing_from_ILP,Co,S,2,1
ILP / CSD,missing_from_ILP,Cu,Cl,2,2
ILP / CSD,missing_from_ILP,Cu,Si,2,1
ILP / CSD,missing_from_ILP,Fe,Si,2,2
ILP / CSD,missing_from_ILP,Hf,Cl,2,2
ILP / CSD,missing_from_ILP,Hf,Se,2,1
ILP / CSD,missing_from_ILP,Ir,I,2,2
ILP / CSD,missing_from_ILP,Ir,Si,2,1
ILP / CSD,missing_from_ILP,La,Cl,2,2
ILP / CSD,missing_from_ILP,Mn,O,2,2
ILP / CSD,missing_from_ILP,Mn,P,2,2
ILP / CSD,missing_from_ILP,Mo,Cl,2,2
ILP / CSD,missing_from_ILP,Nb,O,2,1
ILP / CSD,missing_from_ILP,Os,Si,2,1
ILP / CSD,missing_from_ILP,Re,H,2,1
ILP / CSD,missing_from_ILP,Rh,H,2,2
ILP / CSD,missing_from_ILP,Ru,Si,2,2
ILP / CSD,missing_from_ILP,Ta,F,2,1
ILP / CSD,missing_from_ILP,Ta,Se,2,2
ILP / CSD,missing_from_ILP,Ti,Cl,2,2
ILP / CSD,missing_from_ILP,Ti,H,2,2
ILP / CSD,missing_from_ILP,Ti,P,2,1
ILP / CSD,missing_from_ILP,Ti,S,2,2
ILP / CSD,missing_from_ILP,W,Si,2,2
ILP / CSD,missing_from_ILP,Zn,Si,2,2
ILP / CSD,missing_from_ILP,Ag,Cl,1,1
ILP / CSD,missing_from_ILP,Ag,S,1,1
ILP / CSD,missing_from_ILP,Au,Br,1,1
ILP / CSD,missing_from_ILP,Au,F,1,1
ILP / CSD,missing_from_ILP,Au,O,1,1
ILP / CSD,missing_from_ILP,Au,Se,1,1
ILP / CSD,missing_from_ILP,Cd,I,1,1
ILP / CSD,missing_from_ILP,Co,As,1,1
ILP / CSD,missing_from_ILP,Cr,As,1,1
ILP / CSD,missing_from_ILP,Cr,S,1,1
ILP / CSD,missing_from_ILP,Cu,Br,1,1
ILP / CSD,missing_from_ILP,Cu,H,1,1
ILP / CSD,missing_from_ILP,Cu,Se,1,1
ILP / CSD,missing_from_ILP,Hf,F,1,1
ILP / CSD,missing_from_ILP,Hf,P,1,1
ILP / CSD,missing_from_ILP,Hg,P,1,1
ILP / CSD,missing_from_ILP,Ir,As,1,1
ILP / CSD,missing_from_ILP,Ir,B,1,1
ILP / CSD,missing_from_ILP,Ir,Br,1,1
ILP / CSD,missing_from_ILP,Ir,F,1,1
ILP / CSD,missing_from_ILP,Ir,P,1,1
ILP / CSD,missing_from_ILP,Mn,Cl,1,1
ILP / CSD,missing_from_ILP,Mn,H,1,1
ILP / CSD,missing_from_ILP,Mn,S,1,1
ILP / CSD,missing_from_ILP,Mn,Se,1,1
ILP / CSD,missing_from_ILP,Mo,F,1,1
ILP / CSD,missing_from_ILP,Mo,P,1,1
ILP / CSD,missing_from_ILP,Nb,Se,1,1
ILP / CSD,missing_from_ILP,Nb,Si,1,1
ILP / CSD,missing_from_ILP,Ni,As,1,1
ILP / CSD,missing_from_ILP,Os,As,1,1
ILP / CSD,missing_from_ILP,Os,Cl,1,1
ILP / CSD,missing_from_ILP,Os,P,1,1
ILP / CSD,missing_from_ILP,Os,S,1,1
ILP / CSD,missing_from_ILP,Pd,Br,1,1
ILP / CSD,missing_from_ILP,Pd,H,1,1
ILP / CSD,missing_from_ILP,Pd,I,1,1
ILP / CSD,missing_from_ILP,Pd,Se,1,1
ILP / CSD,missing_from_ILP,Pt,Br,1,1
ILP / CSD,missing_from_ILP,Re,Si,1,1
ILP / CSD,missing_from_ILP,Rh,Br,1,1
ILP / CSD,missing_from_ILP,Rh,F,1,1
ILP / CSD,missing_from_ILP,Rh,S,1,1
ILP / CSD,missing_from_ILP,Ru,I,1,1
ILP / CSD,missing_from_ILP,Sc,Cl,1,1
ILP / CSD,missing_from_ILP,Ta,B,1,1
ILP / CSD,missing_from_ILP,Ta,H,1,1
ILP / CSD,missing_from_ILP,Ta,P,1,1
ILP / CSD,missing_from_ILP,Tc,Cl,1,1
ILP / CSD,missing_from_ILP,Tc,S,1,1
ILP / CSD,missing_from_ILP,Ti,As,1,1
ILP / CSD,missing_from_ILP,W,I,1,1
ILP / CSD,missing_from_ILP,Y,Cl,1,1
ILP / CSD,missing_from_ILP,Zn,H,1,1
ILP / CSD,missing_from_ILP,Zn,I,1,1
ILP / CSD,missing_from_ILP,Zn,S,1,1
ILP / CSD,missing_from_ILP,Zr,Cl,1,1
ILP / CSD,missing_from_ILP,Zr,Si,1,1
ILP / Hückel(DFT),extra_in_ILP,Hg,N,614,359
ILP / Hückel(DFT),extra_in_ILP,Ta,C,530,133
ILP / Hückel(DFT),extra_in_ILP,Y,C,434,121
ILP / Hückel(DFT),extra_in_ILP,Hg,O,321,152
ILP / Hückel(DFT),extra_in_ILP,Ti,C,278,130
ILP / Hückel(DFT),extra_in_ILP,Cd,O,196,116
ILP / Hückel(DFT),extra_in_ILP,Zr,C,191,103
ILP / Hückel(DFT),extra_in_ILP,Os,C,190,65
ILP / Hückel(DFT),extra_in_ILP,Zn,O,154,120
ILP / Hückel(DFT),extra_in_ILP,Nb,C,131,43
ILP / Hückel(DFT),extra_in_ILP,Hg,S,104,70
ILP / Hückel(DFT),extra_in_ILP,Hf,C,85,33
ILP / Hückel(DFT),extra_in_ILP,Zn,N,84,64
ILP / Hückel(DFT),extra_in_ILP,Cd,N,82,59
ILP / Hückel(DFT),extra_in_ILP,Ru,H,81,66
ILP / Hückel(DFT),extra_in_ILP,Cu,C,73,43
ILP / Hückel(DFT),extra_in_ILP,La,C,73,17
ILP / Hückel(DFT),extra_in_ILP,Fe,H,68,52
ILP / Hückel(DFT),extra_in_ILP,Cu,O,60,44
ILP / Hückel(DFT),extra_in_ILP,Zr,H,58,31
ILP / Hückel(DFT),extra_in_ILP,Ni,N,50,40
ILP / Hückel(DFT),extra_in_ILP,Y,H,46,17
ILP / Hückel(DFT),extra_in_ILP,Re,C,44,19
ILP / Hückel(DFT),extra_in_ILP,Ag,O,43,21
ILP / Hückel(DFT),extra_in_ILP,Zn,S,40,29
ILP / Hückel(DFT),extra_in_ILP,Mn,H,39,31
ILP / Hückel(DFT),extra_in_ILP,Ni,C,37,31
ILP / Hückel(DFT),extra_in_ILP,Ni,H,34,27
ILP / Hückel(DFT),extra_in_ILP,V,O,34,33
ILP / Hückel(DFT),extra_in_ILP,Ag,C,33,26
ILP / Hückel(DFT),extra_in_ILP,Cr,H,33,25
ILP / Hückel(DFT),extra_in_ILP,Mo,H,33,28
ILP / Hückel(DFT),extra_in_ILP,Cu,H,31,22
ILP / Hückel(DFT),extra_in_ILP,Rh,H,28,24
ILP / Hückel(DFT),extra_in_ILP,Mo,C,27,25
ILP / Hückel(DFT),extra_in_ILP,Ag,N,26,17
ILP / Hückel(DFT),extra_in_ILP,Ti,P,26,19
ILP / Hückel(DFT),extra_in_ILP,Cd,S,23,21
ILP / Hückel(DFT),extra_in_ILP,Zn,C,23,12
ILP / Hückel(DFT),extra_in_ILP,Mn,C,22,13
ILP / Hückel(DFT),extra_in_ILP,Ir,C,21,15
ILP / Hückel(DFT),extra_in_ILP,Ru,C,21,9
ILP / Hückel(DFT),extra_in_ILP,Cr,C,20,12
ILP / Hückel(DFT),extra_in_ILP,Hg,C,19,16
ILP / Hückel(DFT),extra_in_ILP,Zn,H,19,11
ILP / Hückel(DFT),extra_in_ILP,Zr,P,19,17
ILP / Hückel(DFT),extra_in_ILP,Ag,Se,18,7
ILP / Hückel(DFT),extra_in_ILP,Fe,C,18,11
ILP / Hückel(DFT),extra_in_ILP,Ta,N,18,15
ILP / Hückel(DFT),extra_in_ILP,Ti,S,18,13
ILP / Hückel(DFT),extra_in_ILP,Ir,H,17,12
ILP / Hückel(DFT),extra_in_ILP,Re,H,17,13
ILP / Hückel(DFT),extra_in_ILP,Rh,C,17,10
ILP / Hückel(DFT),extra_in_ILP,Ru,B,16,15
ILP / Hückel(DFT),extra_in_ILP,Zr,N,16,13
ILP / Hückel(DFT),extra_in_ILP,Ti,N,15,12
ILP / Hückel(DFT),extra_in_ILP,V,N,15,14
ILP / Hückel(DFT),extra_in_ILP,Ni,S,14,14
ILP / Hückel(DFT),extra_in_ILP,Cu,B,13,13
ILP / Hückel(DFT),extra_in_ILP,Mo,S,13,12
ILP / Hückel(DFT),extra_in_ILP,Sc,C,13,7
ILP / Hückel(DFT),extra_in_ILP,Ti,H,13,7
ILP / Hückel(DFT),extra_in_ILP,Cu,N,12,12
ILP / Hückel(DFT),extra_in_ILP,Cu,S,12,11
ILP / Hückel(DFT),extra_in_ILP,Ni,O,12,12
ILP / Hückel(DFT),extra_in_ILP,Pt,H,12,12
ILP / Hückel(DFT),extra_in_ILP,W,S,12,10
ILP / Hückel(DFT),extra_in_ILP,Fe,N,11,10
ILP / Hückel(DFT),extra_in_ILP,La,H,10,3
ILP / Hückel(DFT),extra_in_ILP,W,H,10,8
ILP / Hückel(DFT),extra_in_ILP,Y,N,10,7
ILP / Hückel(DFT),extra_in_ILP,Hg,Se,9,7
ILP / Hückel(DFT),extra_in_ILP,Zn,P,9,7
ILP / Hückel(DFT),extra_in_ILP,Cu,P,8,8
ILP / Hückel(DFT),extra_in_ILP,Fe,O,8,8
ILP / Hückel(DFT),extra_in_ILP,Fe,S,8,8
ILP / Hückel(DFT),extra_in_ILP,Hg,P,8,8
ILP / Hückel(DFT),extra_in_ILP,Mn,B,8,8
ILP / Hückel(DFT),extra_in_ILP,Rh,F,8,5
ILP / Hückel(DFT),extra_in_ILP,Zn,B,8,4
ILP / Hückel(DFT),extra_in_ILP,Zr,S,8,5
ILP / Hückel(DFT),extra_in_ILP,Co,C,7,7
ILP / Hückel(DFT),extra_in_ILP,Cu,Se,7,4
ILP / Hückel(DFT),extra_in_ILP,Fe,B,7,6
ILP / Hückel(DFT),extra_in_ILP,Fe,F,7,4
ILP / Hückel(DFT),extra_in_ILP,Ag,I,6,2
ILP / Hückel(DFT),extra_in_ILP,Pd,H,6,6
ILP / Hückel(DFT),extra_in_ILP,Sc,N,6,4
ILP / Hückel(DFT),extra_in_ILP,Ta,P,6,5
ILP / Hückel(DFT),extra_in_ILP,Zn,F,6,4
ILP / Hückel(DFT),extra_in_ILP,Zr,B,6,6
ILP / Hückel(DFT),extra_in_ILP,Ag,H,5,5
ILP / Hückel(DFT),extra_in_ILP,Cd,F,5,3
ILP / Hückel(DFT),extra_in_ILP,Hf,N,5,4
ILP / Hückel(DFT),extra_in_ILP,Re,B,5,5
ILP / Hückel(DFT),extra_in_ILP,Ti,B,5,5
ILP / Hückel(DFT),extra_in_ILP,V,C,5,3
ILP / Hückel(DFT),extra_in_ILP,W,C,5,4
ILP / Hückel(DFT),extra_in_ILP,W,P,5,5
ILP / Hückel(DFT),extra_in_ILP,Y,B,5,4
ILP / Hückel(DFT),extra_in_ILP,Y,S,5,5
ILP / Hückel(DFT),extra_in_ILP,Ag,S,4,3
ILP / Hückel(DFT),extra_in_ILP,Co,H,4,4
ILP / Hückel(DFT),extra_in_ILP,Hf,F,4,3
ILP / Hückel(DFT),extra_in_ILP,V,H,4,3
ILP / Hückel(DFT),extra_in_ILP,Zn,Cl,4,4
ILP / Hückel(DFT),extra_in_ILP,Ag,Br,3,2
ILP / Hückel(DFT),extra_in_ILP,Co,N,3,3
ILP / Hückel(DFT),extra_in_ILP,Cr,B,3,2
ILP / Hückel(DFT),extra_in_ILP,Cr,Se,3,3
ILP / Hückel(DFT),extra_in_ILP,Cu,Cl,3,3
ILP / Hückel(DFT),extra_in_ILP,Cu,F,3,2
ILP / Hückel(DFT),extra_in_ILP,Hf,H,3,2
ILP / Hückel(DFT),extra_in_ILP,Ir,B,3,3
ILP / Hückel(DFT),extra_in_ILP,Mo,B,3,3
ILP / Hückel(DFT),extra_in_ILP,Mo,P,3,3
ILP / Hückel(DFT),extra_in_ILP,Nb,H,3,2
ILP / Hückel(DFT),extra_in_ILP,Ni,B,3,3
ILP / Hückel(DFT),extra_in_ILP,Ni,F,3,3
ILP / Hückel(DFT),extra_in_ILP,Os,H,3,3
ILP / Hückel(DFT),extra_in_ILP,Pd,B,3,3
ILP / Hückel(DFT),extra_in_ILP,Pd,F,3,3
ILP / Hückel(DFT),extra_in_ILP,Pd,N,3,3
ILP / Hückel(DFT),extra_in_ILP,Pd,O,3,3
ILP / Hückel(DFT),extra_in_ILP,Pt,B,3,2
ILP / Hückel(DFT),extra_in_ILP,Rh,N,3,3
ILP / Hückel(DFT),extra_in_ILP,Ta,O,3,3
ILP / Hückel(DFT),extra_in_ILP,Tc,H,3,2
ILP / Hückel(DFT),extra_in_ILP,Ti,F,3,3
ILP / Hückel(DFT),extra_in_ILP,Ti,Se,3,3
ILP / Hückel(DFT),extra_in_ILP,Zn,Se,3,3
ILP / Hückel(DFT),extra_in_ILP,Ag,F,2,1
ILP / Hückel(DFT),extra_in_ILP,Au,C,2,1
ILP / Hückel(DFT),extra_in_ILP,Au,Se,2,1
ILP / Hückel(DFT),extra_in_ILP,Cd,C,2,1
ILP / Hückel(DFT),extra_in_ILP,Cd,Cl,2,1
ILP / Hückel(DFT),extra_in_ILP,Cd,Se,2,2
ILP / Hückel(DFT),extra_in_ILP,Cr,S,2,2
ILP / Hückel(DFT),extra_in_ILP,Cu,As,2,1
ILP / Hückel(DFT),extra_in_ILP,Hg,H,2,2
ILP / Hückel(DFT),extra_in_ILP,Ir,S,2,2
ILP / Hückel(DFT),extra_in_ILP,Mn,S,2,2
ILP / Hückel(DFT),extra_in_ILP,Mo,O,2,2
ILP / Hückel(DFT),extra_in_ILP,Nb,O,2,2
ILP / Hückel(DFT),extra_in_ILP,Nb,S,2,2
ILP / Hückel(DFT),extra_in_ILP,Pt,N,2,2
ILP / Hückel(DFT),extra_in_ILP,Re,O,2,2
ILP / Hückel(DFT),extra_in_ILP,Sc,H,2,2
ILP / Hückel(DFT),extra_in_ILP,Ta,B,2,2
ILP / Hückel(DFT),extra_in_ILP,Ta,H,2,1
ILP / Hückel(DFT),extra_in_ILP,V,F,2,1
ILP / Hückel(DFT),extra_in_ILP,W,As,2,2
ILP / Hückel(DFT),extra_in_ILP,W,F,2,2
ILP / Hückel(DFT),extra_in_ILP,Y,O,2,2
ILP / Hückel(DFT),extra_in_ILP,Zr,Se,2,2
ILP / Hückel(DFT),extra_in_ILP,Zr,Si,2,2
ILP / Hückel(DFT),extra_in_ILP,Au,I,1,1
ILP / Hückel(DFT),extra_in_ILP,Co,O,1,1
ILP / Hückel(DFT),extra_in_ILP,Co,S,1,1
ILP / Hückel(DFT),extra_in_ILP,Co,Se,1,1
ILP / Hückel(DFT),extra_in_ILP,Cr,N,1,1
ILP / Hückel(DFT),extra_in_ILP,Hf,P,1,1
ILP / Hückel(DFT),extra_in_ILP,Hf,S,1,1
ILP / Hückel(DFT),extra_in_ILP,Hg,Cl,1,1
ILP / Hückel(DFT),extra_in_ILP,Hg,F,1,1
ILP / Hückel(DFT),extra_in_ILP,Hg,I,1,1
ILP / Hückel(DFT),extra_in_ILP,Ir,N,1,1
ILP / Hückel(DFT),extra_in_ILP,Ir,O,1,1
ILP / Hückel(DFT),extra_in_ILP,Ir,Se,1,1
ILP / Hückel(DFT),extra_in_ILP,La,B,1,1
ILP / Hückel(DFT),extra_in_ILP,La,S,1,1
ILP / Hückel(DFT),extra_in_ILP,Mn,Se,1,1
ILP / Hückel(DFT),extra_in_ILP,Mn,Si,1,1
ILP / Hückel(DFT),extra_in_ILP,Mo,Br,1,1
ILP / Hückel(DFT),extra_in_ILP,Mo,F,1,1
ILP / Hückel(DFT),extra_in_ILP,Mo,N,1,1
ILP / Hückel(DFT),extra_in_ILP,Mo,Se,1,1
ILP / Hückel(DFT),extra_in_ILP,Nb,N,1,1
ILP / Hückel(DFT),extra_in_ILP,Nb,P,1,1
ILP / Hückel(DFT),extra_in_ILP,Ni,As,1,1
ILP / Hückel(DFT),extra_in_ILP,Os,B,1,1
ILP / Hückel(DFT),extra_in_ILP,Pd,S,1,1
ILP / Hückel(DFT),extra_in_ILP,Pd,Se,1,1
ILP / Hückel(DFT),extra_in_ILP,Pt,Br,1,1
ILP / Hückel(DFT),extra_in_ILP,Pt,Cl,1,1
ILP / Hückel(DFT),extra_in_ILP,Pt,F,1,1
ILP / Hückel(DFT),extra_in_ILP,Re,F,1,1
ILP / Hückel(DFT),extra_in_ILP,Rh,B,1,1
ILP / Hückel(DFT),extra_in_ILP,Rh,Cl,1,1
ILP / Hückel(DFT),extra_in_ILP,Rh,O,1,1
ILP / Hückel(DFT),extra_in_ILP,Rh,S,1,1
ILP / Hückel(DFT),extra_in_ILP,Rh,Se,1,1
ILP / Hückel(DFT),extra_in_ILP,Ru,Br,1,1
ILP / Hückel(DFT),extra_in_ILP,Ru,Cl,1,1
ILP / Hückel(DFT),extra_in_ILP,Ru,F,1,1
ILP / Hückel(DFT),extra_in_ILP,Sc,B,1,1
ILP / Hückel(DFT),extra_in_ILP,Sc,S,1,1
ILP / Hückel(DFT),extra_in_ILP,Ta,S,1,1
ILP / Hückel(DFT),extra_in_ILP,Ti,Si,1,1
ILP / Hückel(DFT),extra_in_ILP,V,B,1,1
ILP / Hückel(DFT),extra_in_ILP,V,P,1,1
ILP / Hückel(DFT),extra_in_ILP,V,S,1,1
ILP / Hückel(DFT),extra_in_ILP,W,B,1,1
ILP / Hückel(DFT),extra_in_ILP,W,Se,1,1
ILP / Hückel(DFT),extra_in_ILP,Y,P,1,1
ILP / Hückel(DFT),extra_in_ILP,Zn,I,1,1
ILP / Hückel(DFT),extra_in_ILP,Zr,F,1,1
ILP / Hückel(DFT),extra_in_ILP,Zr,O,1,1
ILP / Hückel(DFT),missing_from_ILP,Zn,O,355,243
ILP / Hückel(DFT),missing_from_ILP,W,C,292,199
ILP / Hückel(DFT),missing_from_ILP,Zn,C,267,177
ILP / Hückel(DFT),missing_from_ILP,Pd,C,248,193
ILP / Hückel(DFT),missing_from_ILP,Ni,N,236,185
ILP / Hückel(DFT),missing_from_ILP,Cd,N,203,132
ILP / Hückel(DFT),missing_from_ILP,Ni,O,198,170
ILP / Hückel(DFT),missing_from_ILP,Zn,N,181,141
ILP / Hückel(DFT),missing_from_ILP,Zr,C,179,112
ILP / Hückel(DFT),missing_from_ILP,Ir,C,160,99
ILP / Hückel(DFT),missing_from_ILP,Mo,C,145,112
ILP / Hückel(DFT),missing_from_ILP,Ru,C,138,111
ILP / Hückel(DFT),missing_from_ILP,Pd,N,134,115
ILP / Hückel(DFT),missing_from_ILP,Pt,C,134,99
ILP / Hückel(DFT),missing_from_ILP,Ag,O,129,104
ILP / Hückel(DFT),missing_from_ILP,Re,N,118,107
ILP / Hückel(DFT),missing_from_ILP,Pt,N,114,93
ILP / Hückel(DFT),missing_from_ILP,Cd,O,107,77
ILP / Hückel(DFT),missing_from_ILP,La,N,98,35
ILP / Hückel(DFT),missing_from_ILP,Re,C,98,67
ILP / Hückel(DFT),missing_from_ILP,Cd,C,94,63
ILP / Hückel(DFT),missing_from_ILP,Ni,C,84,70
ILP / Hückel(DFT),missing_from_ILP,Rh,C,80,61
ILP / Hückel(DFT),missing_from_ILP,Ag,C,77,57
ILP / Hückel(DFT),missing_from_ILP,Mo,O,74,70
ILP / Hückel(DFT),missing_from_ILP,Fe,C,71,63
ILP / Hückel(DFT),missing_from_ILP,Ti,C,65,46
ILP / Hückel(DFT),missing_from_ILP,V,N,58,57
ILP / Hückel(DFT),missing_from_ILP,Re,O,56,55
ILP / Hückel(DFT),missing_from_ILP,Pd,S,55,52
ILP / Hückel(DFT),missing_from_ILP,Ti,N,51,46
ILP / Hückel(DFT),missing_from_ILP,Ni,P,50,30
ILP / Hückel(DFT),missing_from_ILP,Pd,O,48,46
ILP / Hückel(DFT),missing_from_ILP,W,N,47,41
ILP / Hückel(DFT),missing_from_ILP,Cu,C,46,37
ILP / Hückel(DFT),missing_from_ILP,Mo,N,44,34
ILP / Hückel(DFT),missing_from_ILP,Nb,C,43,43
ILP / Hückel(DFT),missing_from_ILP,Cr,C,41,33
ILP / Hückel(DFT),missing_from_ILP,Ag,N,40,32
ILP / Hückel(DFT),missing_from_ILP,Mn,C,40,33
ILP / Hückel(DFT),missing_from_ILP,Pd,P,40,37
ILP / Hückel(DFT),missing_from_ILP,Ti,O,40,34
ILP / Hückel(DFT),missing_from_ILP,Re,S,39,29
ILP / Hückel(DFT),missing_from_ILP,Au,N,38,38
ILP / Hückel(DFT),missing_from_ILP,Ni,S,38,32
ILP / Hückel(DFT),missing_from_ILP,Ru,N,38,34
ILP / Hückel(DFT),missing_from_ILP,Pt,S,37,34
ILP / Hückel(DFT),missing_from_ILP,Ir,N,36,34
ILP / Hückel(DFT),missing_from_ILP,Y,N,35,25
ILP / Hückel(DFT),missing_from_ILP,Pt,O,33,23
ILP / Hückel(DFT),missing_from_ILP,Zr,N,31,26
ILP / Hückel(DFT),missing_from_ILP,Au,C,30,24
ILP / Hückel(DFT),missing_from_ILP,Pt,P,28,25
ILP / Hückel(DFT),missing_from_ILP,Zr,O,28,22
ILP / Hückel(DFT),missing_from_ILP,Ag,S,27,23
ILP / Hückel(DFT),missing_from_ILP,Co,C,26,23
ILP / Hückel(DFT),missing_from_ILP,Hf,C,25,17
ILP / Hückel(DFT),missing_from_ILP,Cu,N,24,20
ILP / Hückel(DFT),missing_from_ILP,La,O,23,14
ILP / Hückel(DFT),missing_from_ILP,Cu,O,21,20
ILP / Hückel(DFT),missing_from_ILP,Os,C,21,15
ILP / Hückel(DFT),missing_from_ILP,V,O,21,21
ILP / Hückel(DFT),missing_from_ILP,W,O,21,18
ILP / Hückel(DFT),missing_from_ILP,Rh,N,19,18
ILP / Hückel(DFT),missing_from_ILP,Ru,O,19,19
ILP / Hückel(DFT),missing_from_ILP,Hg,N,18,13
ILP / Hückel(DFT),missing_from_ILP,Os,N,18,14
ILP / Hückel(DFT),missing_from_ILP,V,C,17,13
ILP / Hückel(DFT),missing_from_ILP,Au,S,16,12
ILP / Hückel(DFT),missing_from_ILP,Cu,P,16,11
ILP / Hückel(DFT),missing_from_ILP,Pt,Cl,16,16
ILP / Hückel(DFT),missing_from_ILP,Mo,S,15,10
ILP / Hückel(DFT),missing_from_ILP,Mo,P,14,14
ILP / Hückel(DFT),missing_from_ILP,Ta,N,14,13
ILP / Hückel(DFT),missing_from_ILP,Hf,N,13,8
ILP / Hückel(DFT),missing_from_ILP,Ta,C,13,13
ILP / Hückel(DFT),missing_from_ILP,Sc,N,12,8
ILP / Hückel(DFT),missing_from_ILP,Hg,C,11,8
ILP / Hückel(DFT),missing_from_ILP,Re,Cl,11,11
ILP / Hückel(DFT),missing_from_ILP,Sc,C,11,7
ILP / Hückel(DFT),missing_from_ILP,Ta,O,11,11
ILP / Hückel(DFT),missing_from_ILP,Tc,N,11,9
ILP / Hückel(DFT),missing_from_ILP,Ir,O,10,10
ILP / Hückel(DFT),missing_from_ILP,Re,P,10,8
ILP / Hückel(DFT),missing_from_ILP,Rh,P,9,9
ILP / Hückel(DFT),missing_from_ILP,W,S,9,6
ILP / Hückel(DFT),missing_from_ILP,Co,N,8,8
ILP / Hückel(DFT),missing_from_ILP,Cu,S,8,8
ILP / Hückel(DFT),missing_from_ILP,Mn,Si,8,8
ILP / Hückel(DFT),missing_from_ILP,Re,Se,8,5
ILP / Hückel(DFT),missing_from_ILP,Zr,B,8,6
ILP / Hückel(DFT),missing_from_ILP,Zr,P,8,5
ILP / Hückel(DFT),missing_from_ILP,Au,P,7,7
ILP / Hückel(DFT),missing_from_ILP,Rh,S,7,6
ILP / Hückel(DFT),missing_from_ILP,Co,O,6,6
ILP / Hückel(DFT),missing_from_ILP,Fe,Si,6,5
ILP / Hückel(DFT),missing_from_ILP,Ru,P,6,6
ILP / Hückel(DFT),missing_from_ILP,Zn,S,6,6
ILP / Hückel(DFT),missing_from_ILP,Au,Cl,5,3
ILP / Hückel(DFT),missing_from_ILP,Au,O,5,5
ILP / Hückel(DFT),missing_from_ILP,Cd,P,5,3
ILP / Hückel(DFT),missing_from_ILP,Cd,S,5,3
ILP / Hückel(DFT),missing_from_ILP,Cr,O,5,5
ILP / Hückel(DFT),missing_from_ILP,Nb,N,5,5
ILP / Hückel(DFT),missing_from_ILP,Nb,S,5,4
ILP / Hückel(DFT),missing_from_ILP,Pt,I,5,5
ILP / Hückel(DFT),missing_from_ILP,Y,O,5,5
ILP / Hückel(DFT),missing_from_ILP,Cr,N,4,4
ILP / Hückel(DFT),missing_from_ILP,Fe,O,4,4
ILP / Hückel(DFT),missing_from_ILP,Mn,Se,4,2
ILP / Hückel(DFT),missing_from_ILP,Ni,Br,4,3
ILP / Hückel(DFT),missing_from_ILP,Re,Br,4,4
ILP / Hückel(DFT),missing_from_ILP,Rh,O,4,4
ILP / Hückel(DFT),missing_from_ILP,Ru,S,4,4
ILP / Hückel(DFT),missing_from_ILP,W,P,4,4
ILP / Hückel(DFT),missing_from_ILP,Zr,F,4,3
ILP / Hückel(DFT),missing_from_ILP,Cr,Si,3,3
ILP / Hückel(DFT),missing_from_ILP,Hf,O,3,2
ILP / Hückel(DFT),missing_from_ILP,Hg,O,3,2
ILP / Hückel(DFT),missing_from_ILP,Ir,Cl,3,3
ILP / Hückel(DFT),missing_from_ILP,Mo,Si,3,3
ILP / Hückel(DFT),missing_from_ILP,Os,O,3,3
ILP / Hückel(DFT),missing_from_ILP,Ru,Si,3,3
ILP / Hückel(DFT),missing_from_ILP,Sc,B,3,2
ILP / Hückel(DFT),missing_from_ILP,Sc,O,3,2
ILP / Hückel(DFT),missing_from_ILP,Ta,S,3,3
ILP / Hückel(DFT),missing_from_ILP,Tc,O,3,3
ILP / Hückel(DFT),missing_from_ILP,Tc,S,3,3
ILP / Hückel(DFT),missing_from_ILP,W,Si,3,3
ILP / Hückel(DFT),missing_from_ILP,Zn,Cl,3,2
ILP / Hückel(DFT),missing_from_ILP,Fe,P,2,1
ILP / Hückel(DFT),missing_from_ILP,Hf,P,2,1
ILP / Hückel(DFT),missing_from_ILP,Hf,Se,2,1
ILP / Hückel(DFT),missing_from_ILP,Ir,I,2,2
ILP / Hückel(DFT),missing_from_ILP,La,C,2,2
ILP / Hückel(DFT),missing_from_ILP,La,Cl,2,2
ILP / Hückel(DFT),missing_from_ILP,La,Se,2,1
ILP / Hückel(DFT),missing_from_ILP,Mn,O,2,2
ILP / Hückel(DFT),missing_from_ILP,Mo,Cl,2,2
ILP / Hückel(DFT),missing_from_ILP,Nb,O,2,2
ILP / Hückel(DFT),missing_from_ILP,Os,S,2,2
ILP / Hückel(DFT),missing_from_ILP,Os,Si,2,1
ILP / Hückel(DFT),missing_from_ILP,Pd,Cl,2,2
ILP / Hückel(DFT),missing_from_ILP,Ru,Cl,2,2
ILP / Hückel(DFT),missing_from_ILP,Ta,P,2,2
ILP / Hückel(DFT),missing_from_ILP,Ti,Cl,2,2
ILP / Hückel(DFT),missing_from_ILP,Ti,Si,2,2
ILP / Hückel(DFT),missing_from_ILP,Zn,Si,2,2
ILP / Hückel(DFT),missing_from_ILP,Zr,As,2,1
ILP / Hückel(DFT),missing_from_ILP,Ag,Cl,1,1
ILP / Hückel(DFT),missing_from_ILP,Ag,P,1,1
ILP / Hückel(DFT),missing_from_ILP,Au,As,1,1
ILP / Hückel(DFT),missing_from_ILP,Cd,Cl,1,1
ILP / Hückel(DFT),missing_from_ILP,Cd,I,1,1
ILP / Hückel(DFT),missing_from_ILP,Co,S,1,1
ILP / Hückel(DFT),missing_from_ILP,Cr,S,1,1
ILP / Hückel(DFT),missing_from_ILP,Cu,Br,1,1
ILP / Hückel(DFT),missing_from_ILP,Fe,N,1,1
ILP / Hückel(DFT),missing_from_ILP,Hf,B,1,1
ILP / Hückel(DFT),missing_from_ILP,Hf,Cl,1,1
ILP / Hückel(DFT),missing_from_ILP,Ir,As,1,1
ILP / Hückel(DFT),missing_from_ILP,Ir,Br,1,1
ILP / Hückel(DFT),missing_from_ILP,Ir,P,1,1
ILP / Hückel(DFT),missing_from_ILP,Ir,S,1,1
ILP / Hückel(DFT),missing_from_ILP,Mn,P,1,1
ILP / Hückel(DFT),missing_from_ILP,Nb,Cl,1,1
ILP / Hückel(DFT),missing_from_ILP,Ni,Se,1,1
ILP / Hückel(DFT),missing_from_ILP,Ni,Si,1,1
ILP / Hückel(DFT),missing_from_ILP,Os,As,1,1
ILP / Hückel(DFT),missing_from_ILP,Os,Cl,1,1
ILP / Hückel(DFT),missing_from_ILP,Os,P,1,1
ILP / Hückel(DFT),missing_from_ILP,Pd,Br,1,1
ILP / Hückel(DFT),missing_from_ILP,Pd,I,1,1
ILP / Hückel(DFT),missing_from_ILP,Pt,Br,1,1
ILP / Hückel(DFT),missing_from_ILP,Pt,Si,1,1
ILP / Hückel(DFT),missing_from_ILP,Re,Si,1,1
ILP / Hückel(DFT),missing_from_ILP,Rh,Si,1,1
ILP / Hückel(DFT),missing_from_ILP,Ru,I,1,1
ILP / Hückel(DFT),missing_from_ILP,Ta,Se,1,1
ILP / Hückel(DFT),missing_from_ILP,Ti,As,1,1
ILP / Hückel(DFT),missing_from_ILP,Ti,P,1,1
ILP / Hückel(DFT),missing_from_ILP,V,S,1,1
ILP / Hückel(DFT),missing_from_ILP,W,Br,1,1
ILP / Hückel(DFT),missing_from_ILP,W,Cl,1,1
ILP / Hückel(DFT),missing_from_ILP,W,I,1,1
ILP / Hückel(DFT),missing_from_ILP,Y,C,1,1
ILP / Hückel(DFT),missing_from_ILP,Y,Cl,1,1
ILP / Hückel(DFT),missing_from_ILP,Y,P,1,1
ILP / Hückel(DFT),missing_from_ILP,Zr,Cl,1,1
ILP / NBO(DFT),extra_in_ILP,Zn,C,327,206
ILP / NBO(DFT),extra_in_ILP,Zn,O,270,195
ILP / NBO(DFT),extra_in_ILP,Ni,N,215,157
ILP / NBO(DFT),extra_in_ILP,Cd,O,198,127
ILP / NBO(DFT),extra_in_ILP,Zn,N,166,137
ILP / NBO(DFT),extra_in_ILP,Cd,N,146,109
ILP / NBO(DFT),extra_in_ILP,Hg,O,143,86
ILP / NBO(DFT),extra_in_ILP,Cu,N,141,120
ILP / NBO(DFT),extra_in_ILP,Hg,N,131,104
ILP / NBO(DFT),extra_in_ILP,Ag,O,118,92
ILP / NBO(DFT),extra_in_ILP,Ag,N,93,64
ILP / NBO(DFT),extra_in_ILP,Y,C,92,44
ILP / NBO(DFT),extra_in_ILP,Cu,O,84,64
ILP / NBO(DFT),extra_in_ILP,Cd,C,83,55
ILP / NBO(DFT),extra_in_ILP,Ti,C,82,58
ILP / NBO(DFT),extra_in_ILP,Cu,C,64,52
ILP / NBO(DFT),extra_in_ILP,Hg,S,62,53
ILP / NBO(DFT),extra_in_ILP,Cd,S,57,37
ILP / NBO(DFT),extra_in_ILP,Zr,C,51,37
ILP / NBO(DFT),extra_in_ILP,Ni,C,42,38
ILP / NBO(DFT),extra_in_ILP,Ag,C,38,34
ILP / NBO(DFT),extra_in_ILP,La,C,34,6
ILP / NBO(DFT),extra_in_ILP,La,N,34,15
ILP / NBO(DFT),extra_in_ILP,Zr,P,34,28
ILP / NBO(DFT),extra_in_ILP,Ag,S,32,19
ILP / NBO(DFT),extra_in_ILP,Hg,C,25,16
ILP / NBO(DFT),extra_in_ILP,Cu,H,21,17
ILP / NBO(DFT),extra_in_ILP,Hf,C,17,10
ILP / NBO(DFT),extra_in_ILP,Ni,H,17,15
ILP / NBO(DFT),extra_in_ILP,Zr,S,17,10
ILP / NBO(DFT),extra_in_ILP,La,O,13,7
ILP / NBO(DFT),extra_in_ILP,Ti,S,12,11
ILP / NBO(DFT),extra_in_ILP,Y,S,12,9
ILP / NBO(DFT),extra_in_ILP,Hf,S,10,5
ILP / NBO(DFT),extra_in_ILP,Zn,S,10,8
ILP / NBO(DFT),extra_in_ILP,Fe,H,9,7
ILP / NBO(DFT),extra_in_ILP,Zn,H,9,6
ILP / NBO(DFT),extra_in_ILP,Ni,O,8,7
ILP / NBO(DFT),extra_in_ILP,Ti,P,7,7
ILP / NBO(DFT),extra_in_ILP,Ag,H,5,5
ILP / NBO(DFT),extra_in_ILP,Ag,Se,5,2
ILP / NBO(DFT),extra_in_ILP,Hg,Se,5,4
ILP / NBO(DFT),extra_in_ILP,Rh,H,5,5
ILP / NBO(DFT),extra_in_ILP,Zn,P,5,5
ILP / NBO(DFT),extra_in_ILP,Cu,B,4,4
ILP / NBO(DFT),extra_in_ILP,Mo,S,4,4
ILP / NBO(DFT),extra_in_ILP,Zr,B,4,4
ILP / NBO(DFT),extra_in_ILP,Fe,S,3,3
ILP / NBO(DFT),extra_in_ILP,Hg,P,3,3
ILP / NBO(DFT),extra_in_ILP,Ni,S,3,3
ILP / NBO(DFT),extra_in_ILP,Ta,C,3,3
ILP / NBO(DFT),extra_in_ILP,Ta,P,3,3
ILP / NBO(DFT),extra_in_ILP,Ti,B,3,3
ILP / NBO(DFT),extra_in_ILP,Hf,P,2,2
ILP / NBO(DFT),extra_in_ILP,Hg,H,2,2
ILP / NBO(DFT),extra_in_ILP,La,S,2,1
ILP / NBO(DFT),extra_in_ILP,Mo,As,2,1
ILP / NBO(DFT),extra_in_ILP,Pd,C,2,2
ILP / NBO(DFT),extra_in_ILP,Pd,H,2,2
ILP / NBO(DFT),extra_in_ILP,Pt,H,2,2
ILP / NBO(DFT),extra_in_ILP,Ru,H,2,1
ILP / NBO(DFT),extra_in_ILP,Ta,S,2,2
ILP / NBO(DFT),extra_in_ILP,Ti,As,2,1
ILP / NBO(DFT),extra_in_ILP,Ti,Se,2,2
ILP / NBO(DFT),extra_in_ILP,Y,H,2,2
ILP / NBO(DFT),extra_in_ILP,Y,Se,2,1
ILP / NBO(DFT),extra_in_ILP,Zr,Se,2,2
ILP / NBO(DFT),extra_in_ILP,Ag,Br,1,1
ILP / NBO(DFT),extra_in_ILP,Cd,Se,1,1
ILP / NBO(DFT),extra_in_ILP,Cr,H,1,1
ILP / NBO(DFT),extra_in_ILP,Cu,S,1,1
ILP / NBO(DFT),extra_in_ILP,Fe,C,1,1
ILP / NBO(DFT),extra_in_ILP,Hg,Cl,1,1
ILP / NBO(DFT),extra_in_ILP,Nb,C,1,1
ILP / NBO(DFT),extra_in_ILP,Nb,P,1,1
ILP / NBO(DFT),extra_in_ILP,Nb,S,1,1
ILP / NBO(DFT),extra_in_ILP,Pd,F,1,1
ILP / NBO(DFT),extra_in_ILP,Sc,C,1,1
ILP / NBO(DFT),extra_in_ILP,Sc,P,1,1
ILP / NBO(DFT),extra_in_ILP,Sc,S,1,1
ILP / NBO(DFT),extra_in_ILP,W,Se,1,1
ILP / NBO(DFT),extra_in_ILP,Y,P,1,1
ILP / NBO(DFT),extra_in_ILP,Zn,B,1,1
ILP / NBO(DFT),extra_in_ILP,Zn,F,1,1
ILP / NBO(DFT),extra_in_ILP,Zn,Se,1,1
ILP / NBO(DFT),missing_from_ILP,Fe,C,355,220
ILP / NBO(DFT),missing_from_ILP,Co,O,229,102
ILP / NBO(DFT),missing_from_ILP,Mo,O,207,202
ILP / NBO(DFT),missing_from_ILP,Ni,C,183,141
ILP / NBO(DFT),missing_from_ILP,Ti,C,137,102
ILP / NBO(DFT),missing_from_ILP,Zr,C,136,103
ILP / NBO(DFT),missing_from_ILP,Re,N,121,104
ILP / NBO(DFT),missing_from_ILP,W,C,115,68
ILP / NBO(DFT),missing_from_ILP,Pd,N,110,92
ILP / NBO(DFT),missing_from_ILP,Pt,C,102,67
ILP / NBO(DFT),missing_from_ILP,Pt,N,92,75
ILP / NBO(DFT),missing_from_ILP,Pd,C,77,58
ILP / NBO(DFT),missing_from_ILP,V,O,73,72
ILP / NBO(DFT),missing_from_ILP,V,N,68,67
ILP / NBO(DFT),missing_from_ILP,Ir,C,64,39
ILP / NBO(DFT),missing_from_ILP,Re,C,58,35
ILP / NBO(DFT),missing_from_ILP,Ti,N,58,48
ILP / NBO(DFT),missing_from_ILP,Re,O,56,56
ILP / NBO(DFT),missing_from_ILP,Co,C,55,33
ILP / NBO(DFT),missing_from_ILP,Ru,C,53,44
ILP / NBO(DFT),missing_from_ILP,Ni,O,50,33
ILP / NBO(DFT),missing_from_ILP,Rh,C,50,36
ILP / NBO(DFT),missing_from_ILP,Cr,C,49,37
ILP / NBO(DFT),missing_from_ILP,Cu,C,48,41
ILP / NBO(DFT),missing_from_ILP,Mo,N,46,36
ILP / NBO(DFT),missing_from_ILP,Nb,C,42,39
ILP / NBO(DFT),missing_from_ILP,Mo,C,40,27
ILP / NBO(DFT),missing_from_ILP,W,N,39,34
ILP / NBO(DFT),missing_from_ILP,Ta,C,38,25
ILP / NBO(DFT),missing_from_ILP,Co,N,36,23
ILP / NBO(DFT),missing_from_ILP,Pt,O,34,23
ILP / NBO(DFT),missing_from_ILP,Mn,C,33,24
ILP / NBO(DFT),missing_from_ILP,Ni,N,32,24
ILP / NBO(DFT),missing_from_ILP,Au,C,31,23
ILP / NBO(DFT),missing_from_ILP,Ru,N,30,26
ILP / NBO(DFT),missing_from_ILP,Re,S,29,22
ILP / NBO(DFT),missing_from_ILP,Ti,O,29,25
ILP / NBO(DFT),missing_from_ILP,Hf,C,28,20
ILP / NBO(DFT),missing_from_ILP,Zr,N,25,23
ILP / NBO(DFT),missing_from_ILP,Zn,N,21,15
ILP / NBO(DFT),missing_from_ILP,Fe,N,20,14
ILP / NBO(DFT),missing_from_ILP,Pt,S,19,16
ILP / NBO(DFT),missing_from_ILP,Ta,N,19,18
ILP / NBO(DFT),missing_from_ILP,Ni,P,18,11
ILP / NBO(DFT),missing_from_ILP,Os,N,18,13
ILP / NBO(DFT),missing_from_ILP,Pd,O,18,17
ILP / NBO(DFT),missing_from_ILP,Sc,C,18,11
ILP / NBO(DFT),missing_from_ILP,Zn,C,17,11
ILP / NBO(DFT),missing_from_ILP,W,O,16,13
ILP / NBO(DFT),missing_from_ILP,Pt,Cl,15,15
ILP / NBO(DFT),missing_from_ILP,V,C,15,9
ILP / NBO(DFT),missing_from_ILP,Ru,O,13,13
ILP / NBO(DFT),missing_from_ILP,Hf,N,12,8
ILP / NBO(DFT),missing_from_ILP,Ni,S,12,11
ILP / NBO(DFT),missing_from_ILP,Os,C,12,10
ILP / NBO(DFT),missing_from_ILP,Rh,N,12,10
ILP / NBO(DFT),missing_from_ILP,Tc,N,11,9
ILP / NBO(DFT),missing_from_ILP,Zr,H,11,10
ILP / NBO(DFT),missing_from_ILP,Hg,C,10,7
ILP / NBO(DFT),missing_from_ILP,Ta,O,10,10
ILP / NBO(DFT),missing_from_ILP,Zr,O,10,7
ILP / NBO(DFT),missing_from_ILP,Pt,P,9,9
ILP / NBO(DFT),missing_from_ILP,Re,Cl,9,9
ILP / NBO(DFT),missing_from_ILP,Ag,C,8,7
ILP / NBO(DFT),missing_from_ILP,Re,Se,8,5
ILP / NBO(DFT),missing_from_ILP,Pd,S,7,6
ILP / NBO(DFT),missing_from_ILP,Pt,H,7,7
ILP / NBO(DFT),missing_from_ILP,Sc,H,7,2
ILP / NBO(DFT),missing_from_ILP,Y,H,7,3
ILP / NBO(DFT),missing_from_ILP,Ru,B,6,6
ILP / NBO(DFT),missing_from_ILP,Sc,N,6,6
ILP / NBO(DFT),missing_from_ILP,Ta,H,6,6
ILP / NBO(DFT),missing_from_ILP,Ti,H,6,6
ILP / NBO(DFT),missing_from_ILP,Fe,O,5,5
ILP / NBO(DFT),missing_from_ILP,Mn,Se,5,3
ILP / NBO(DFT),missing_from_ILP,Nb,N,5,5
ILP / NBO(DFT),missing_from_ILP,Os,O,5,5
ILP / NBO(DFT),missing_from_ILP,Pt,Se,5,2
ILP / NBO(DFT),missing_from_ILP,Re,P,5,3
ILP / NBO(DFT),missing_from_ILP,Rh,O,5,5
ILP / NBO(DFT),missing_from_ILP,Ru,P,5,5
ILP / NBO(DFT),missing_from_ILP,Sc,B,5,3
ILP / NBO(DFT),missing_from_ILP,Cr,N,4,4
ILP / NBO(DFT),missing_from_ILP,Cu,N,4,4
ILP / NBO(DFT),missing_from_ILP,Ir,N,4,4
ILP / NBO(DFT),missing_from_ILP,Ni,H,4,4
ILP / NBO(DFT),missing_from_ILP,Tc,O,4,4
ILP / NBO(DFT),missing_from_ILP,Ti,Si,4,4
ILP / NBO(DFT),missing_from_ILP,Y,C,4,4
ILP / NBO(DFT),missing_from_ILP,Y,O,4,4
ILP / NBO(DFT),missing_from_ILP,Zn,Cl,4,3
ILP / NBO(DFT),missing_from_ILP,Cd,C,3,2
ILP / NBO(DFT),missing_from_ILP,Cu,P,3,3
ILP / NBO(DFT),missing_from_ILP,Cu,Si,3,2
ILP / NBO(DFT),missing_from_ILP,Hf,O,3,2
ILP / NBO(DFT),missing_from_ILP,Ir,O,3,3
ILP / NBO(DFT),missing_from_ILP,Nb,H,3,3
ILP / NBO(DFT),missing_from_ILP,Ni,Si,3,3
ILP / NBO(DFT),missing_from_ILP,Os,H,3,2
ILP / NBO(DFT),missing_from_ILP,Pd,P,3,3
ILP / NBO(DFT),missing_from_ILP,Ru,Cl,3,3
ILP / NBO(DFT),missing_from_ILP,Sc,O,3,2
ILP / NBO(DFT),missing_from_ILP,Zn,O,3,3
ILP / NBO(DFT),missing_from_ILP,Au,H,2,2
ILP / NBO(DFT),missing_from_ILP,Au,P,2,2
ILP / NBO(DFT),missing_from_ILP,Co,B,2,2
ILP / NBO(DFT),missing_from_ILP,Cr,B,2,2
ILP / NBO(DFT),missing_from_ILP,Cr,H,2,2
ILP / NBO(DFT),missing_from_ILP,Fe,Si,2,2
ILP / NBO(DFT),missing_from_ILP,Ir,Cl,2,2
ILP / NBO(DFT),missing_from_ILP,Ir,Si,2,1
ILP / NBO(DFT),missing_from_ILP,Mn,B,2,2
ILP / NBO(DFT),missing_from_ILP,Mn,N,2,1
ILP / NBO(DFT),missing_from_ILP,Mn,Si,2,2
ILP / NBO(DFT),missing_from_ILP,Mo,H,2,1
ILP / NBO(DFT),missing_from_ILP,Mo,Si,2,2
ILP / NBO(DFT),missing_from_ILP,Os,Si,2,1
ILP / NBO(DFT),missing_from_ILP,Pd,Cl,2,2
ILP / NBO(DFT),missing_from_ILP,Pd,H,2,2
ILP / NBO(DFT),missing_from_ILP,Re,Br,2,2
ILP / NBO(DFT),missing_from_ILP,Rh,Cl,2,1
ILP / NBO(DFT),missing_from_ILP,Rh,H,2,1
ILP / NBO(DFT),missing_from_ILP,Rh,S,2,2
ILP / NBO(DFT),missing_from_ILP,Ru,H,2,1
ILP / NBO(DFT),missing_from_ILP,Ti,Cl,2,2
ILP / NBO(DFT),missing_from_ILP,W,H,2,2
ILP / NBO(DFT),missing_from_ILP,Zr,F,2,2
ILP / NBO(DFT),missing_from_ILP,Cd,P,1,1
ILP / NBO(DFT),missing_from_ILP,Co,As,1,1
ILP / NBO(DFT),missing_from_ILP,Co,S,1,1
ILP / NBO(DFT),missing_from_ILP,Cu,S,1,1
ILP / NBO(DFT),missing_from_ILP,Fe,B,1,1
ILP / NBO(DFT),missing_from_ILP,Fe,H,1,1
ILP / NBO(DFT),missing_from_ILP,Hf,F,1,1
ILP / NBO(DFT),missing_from_ILP,Hf,H,1,1
ILP / NBO(DFT),missing_from_ILP,Ir,Br,1,1
ILP / NBO(DFT),missing_from_ILP,Ir,H,1,1
ILP / NBO(DFT),missing_from_ILP,Ir,P,1,1
ILP / NBO(DFT),missing_from_ILP,Mn,O,1,1
ILP / NBO(DFT),missing_from_ILP,Mn,P,1,1
ILP / NBO(DFT),missing_from_ILP,Mn,S,1,1
ILP / NBO(DFT),missing_from_ILP,Mo,Cl,1,1
ILP / NBO(DFT),missing_from_ILP,Os,Cl,1,1
ILP / NBO(DFT),missing_from_ILP,Pd,Se,1,1
ILP / NBO(DFT),missing_from_ILP,Pt,B,1,1
ILP / NBO(DFT),missing_from_ILP,Pt,Br,1,1
ILP / NBO(DFT),missing_from_ILP,Re,B,1,1
ILP / NBO(DFT),missing_from_ILP,Re,Si,1,1
ILP / NBO(DFT),missing_from_ILP,Rh,B,1,1
ILP / NBO(DFT),missing_from_ILP,Rh,P,1,1
ILP / NBO(DFT),missing_from_ILP,Ru,Si,1,1
ILP / NBO(DFT),missing_from_ILP,Ti,F,1,1
ILP / NBO(DFT),missing_from_ILP,V,H,1,1
ILP / NBO(DFT),missing_from_ILP,W,Cl,1,1
ILP / NBO(DFT),missing_from_ILP,W,P,1,1
ILP / NBO(DFT),missing_from_ILP,Y,N,1,1
