IDs,status,both_parsed,ligand_equiv,ligand_canonical,metal_connectivity,metal_oxidation,full_connectivity,ox_ilp,ox_reference,old_ilp_oxidation,old_mechanism_class,old_motif_class,ilp_ligands,reference_ligands,old_ilp_ligands,smiles_ilp,error
AHUCAI,ok,1,1,1,1,1,1,3,3,,coupled_ligand_charge_and_oxidation,N_O_only_coordination,CN1CCCN(C)CCN(C)CCN(C)CC1 || [O-][O-],CN1CCCN(C)CCN(C)CCN(C)CC1 || [O-][O-],CN1CCCN(C)CCN(C)CCN(C)CC1 || O=O,[Mn+3]1234(<-N5(C([H])([H])[H])C([H])([H])C([H])([H])C([H])([H])N->1(C([H])([H])[H])C([H])([H])C([H])([H])N->2(C([H])([H])[H])C([H])([H])C([H])([H])N->3(C([H])([H])[H])C([H])([H])C5([H])[H])<-[O-][O-]->4,
ASISIE,ok,1,1,1,1,1,1,5,5,,metal_disconnection_or_ligand_partition,N_O_only_coordination,O=C([O-])C(=O)[O-] || [O-2] || [O-][O-] || c1cnc2c(c1)ccc1cccnc12,O=C([O-])C(=O)[O-] || [O-2] || [O-][O-] || c1cnc2c(c1)ccc1cccnc12,C1=C[N-]c2c3c(ccc2=C1)=CC=C[N-]3 || O=C([O-])C(=O)[O-] || O=O || [O-2],[V+5]123(=O)(<-[O-][O-]->1)(<-n1c([H])c([H])c([H])c4c1c1n->2c([H])c([H])c([H])c1c([H])c4[H])OC(=O)C(=O)O3,
AVOVUC,ok,1,1,1,1,1,1,6,6,,coupled_ligand_charge_and_oxidation,N_O_only_coordination,CCCP(=O)(CCC)CCC || [O-2] || [O-][O-] || [O-][O-],CCCP(=O)(CCC)CCC || [O-2] || [O-][O-] || [O-][O-],CCCP(=O)(CCC)CCC || O=O || O=O || [O-2],[Mo+6]12(<-O=P(C([H])([H])C([H])([H])C([H])([H])[H])(C([H])([H])C([H])([H])C([H])([H])[H])C([H])([H])C([H])([H])C([H])([H])[H])(=O)(<-[O-][O-]->1)<-[O-][O-]->2,
BAQVEW,ok,1,1,1,1,1,1,5,5,,coupled_ligand_charge_and_oxidation,N_O_only_coordination,O=C(Cc1ccccc1)N[O-] || [O-2] || [O-][O-] || c1cnc2c(c1)ccc1cccnc12,O=C(Cc1ccccc1)N[O-] || [O-2] || [O-][O-] || c1cnc2c(c1)ccc1cccnc12,O=C(Cc1ccccc1)N[O-] || O=O || [O-2] || c1cnc2c(c1)ccc1cccnc12,[V+5]123(<-n4c([H])c([H])c([H])c5c4c4c(c([H])c([H])c([H])n->14)c([H])c5[H])(<-O=C(N([H])O2)C([H])([H])c1c([H])c([H])c([H])c([H])c1[H])(<-[O-][O-]->3)=O,
BOLMIB,ok,1,1,1,1,1,1,3,3,,coupled_ligand_charge_and_oxidation,P_donor_no_M_C,CC(C)(C)c1cccc(-c2cccc(CP(C(C)(C)C)C(C)(C)C)n2)n1 || [Cl-] || [O-][O-],CC(C)(C)c1cccc(-c2cccc(CP(C(C)(C)C)C(C)(C)C)n2)n1 || [Cl-] || [O-][O-],CC(C)(C)c1cccc(-c2cccc(CP(C(C)(C)C)C(C)(C)C)n2)n1 || O=O || [Cl-],[Rh+3]123(Cl)(<-P(C([H])([H])c4n->1c(-c1n->2c(C(C([H])([H])[H])(C([H])([H])[H])C([H])([H])[H])c([H])c([H])c1[H])c([H])c([H])c4[H])(C(C([H])([H])[H])(C([H])([H])[H])C([H])([H])[H])C(C([H])([H])[H])(C([H])([H])[H])C([H])([H])[H])<-[O-][O-]->3,
CABSEG,ok,1,1,1,1,1,1,6,6,,coupled_ligand_charge_and_oxidation,N_O_only_coordination,CC(=NN=C([O-])c1ccccc1)c1ccccc1[O-] || CO || [O-2] || [O-][O-],CC(=NN=C([O-])c1ccccc1)c1ccccc1[O-] || CO || [O-2] || [O-][O-],CC(=NN=C([O-])c1ccccc1)c1ccccc1[O-] || CO || O=O || [O-2],[W+6]123(<-O([H])C([H])([H])[H])(<-[O-][O-]->1)(<-N(=C(C([H])([H])[H])c1c(c([H])c([H])c([H])c1[H])O2)N=C(c1c([H])c([H])c([H])c([H])c1[H])O3)=O,
CAVYAZ,ok,1,1,1,1,1,1,5,5,,coupled_ligand_charge_and_oxidation,N_O_only_coordination,[O-2] || [O-][O-] || [O-][O-] || c1ccc(-c2ccccn2)nc1,[O-2] || [O-][O-] || [O-][O-] || c1ccc(-c2ccccn2)nc1,O=O || O=O || [O-2] || c1ccc(-c2ccccn2)nc1,[V+5]123(<-[O-][O-]->1)(<-[O-][O-]->2)(=O)<-n1c([H])c([H])c([H])c([H])c1-c1n->3c([H])c([H])c([H])c1[H],
CEFROU,ok,1,1,1,1,1,1,5,5,,coupled_ligand_charge_and_oxidation,N_O_only_coordination,O=C([O-])c1ccccn1 || [O-2] || [O-][O-] || c1ccc(-c2ccccn2)nc1,O=C([O-])c1ccccn1 || [O-2] || [O-][O-] || c1ccc(-c2ccccn2)nc1,O=C([O-])c1ccccn1 || O=O || [O-2] || c1ccc(-c2ccccn2)nc1,[V+5]123(<-[O-][O-]->1)(=O)(OC(=O)c1n->2c([H])c([H])c([H])c1[H])<-n1c([H])c([H])c([H])c([H])c1-c1n->3c([H])c([H])c([H])c1[H],
CELNIS,ok,1,1,1,1,1,1,5,5,,coupled_ligand_charge_and_oxidation,N_O_only_coordination,[O-2] || [O-]O || [O-][O-] || c1cnc2c(c1)ccc1cccnc12,[O-2] || [O-]O || [O-][O-] || c1cnc2c(c1)ccc1cccnc12,O=O || [O-2] || [O-]O || c1cnc2c(c1)ccc1cccnc12,[V+5]123(=O)(<-[O-][O-]->1)(<-O([H])O2)<-n1c([H])c([H])c([H])c2c([H])c([H])c4c([H])c([H])c([H])n->3c4c12,
CIGCOK,ok,1,1,0,1,1,1,1,1,,coupled_ligand_charge_and_oxidation,heterocyclic_carbene_like,[C-]#N || c1ccc(C2COCN2)cc1,[C-]#N || [C]1NC(c2ccccc2)CO1,[C-2]1NC(c2ccccc2)CO1 || [C-]#N,[Au+](<-C1N([H])C(c2c([H])c([H])c([H])c([H])c2[H])([H])C([H])([H])O1)C#N,
CIRXAC,ok,1,1,1,1,1,1,6,6,,coupled_ligand_charge_and_oxidation,N_O_only_coordination,[O-2] || [O-][O-] || [O-][O-] || c1ccc(-c2ccccn2)nc1,[O-2] || [O-][O-] || [O-][O-] || c1ccc(-c2ccccn2)nc1,O=O || O=O || [O-2] || c1ccc(-c2ccccn2)nc1,c12-c3n(->[Mo+6]45(=O)(<-[O-][O-]->4)(<-[O-][O-]->5)<-n1c([H])c([H])c([H])c2[H])c([H])c([H])c([H])c3[H],
DAQCEF,ok,1,1,1,1,1,1,5,5,,coupled_ligand_charge_and_oxidation,N_O_only_coordination,Nc1nccc(-c2ccccn2)n1 || [O-2] || [O-][O-] || [O-][O-],Nc1nccc(-c2ccccn2)n1 || [O-2] || [O-][O-] || [O-][O-],Nc1nccc(-c2ccccn2)n1 || O=O || O=O || [O-2],[V+5]123(=O)(<-[O-][O-]->1)(<-[O-][O-]->2)<-n1c(-c2n->3c(N([H])[H])nc([H])c2[H])c([H])c([H])c([H])c1[H],
DAQCIJ,ok,1,1,1,1,1,1,5,5,,coupled_ligand_charge_and_oxidation,N_O_only_coordination,[O-2] || [O-][O-] || [O-][O-] || c1ccc(-c2ccncn2)nc1,[O-2] || [O-][O-] || [O-][O-] || c1ccc(-c2ccncn2)nc1,O=O || O=O || [O-2] || c1ccc(-c2ccncn2)nc1,[V+5]123(<-[O-][O-]->1)(=O)(<-n1c(-c4n->2c([H])c([H])c([H])c4[H])c([H])c([H])nc1[H])<-[O-][O-]->3,
DAQFUX,ok,1,1,0,1,0,1,3,1,,coupled_ligand_charge_and_oxidation,heterocyclic_carbene_like,CC1=CO[C-2]N1c1ccccc1 || [C-]#[O+] || [C-]#[O+] || [C-]#[O+] || c1ccc(P(CP(c2ccccc2)c2ccccc2)c2ccccc2)cc1,CC1=CO[C]N1c1ccccc1 || [C-]#[O+] || [C-]#[O+] || [C-]#[O+] || c1ccc(P(CP(c2ccccc2)c2ccccc2)c2ccccc2)cc1,CC1=CO[C-2]N1c1ccccc1 || [C-]#[O+] || [C-]#[O+] || [C-]#[O+] || c1ccc(P(CP(c2ccccc2)c2ccccc2)c2ccccc2)cc1,C1([H])([H])P(c2c([H])c([H])c([H])c([H])c2[H])(c2c([H])c([H])c([H])c([H])c2[H])->[Mn+3](=c2n(-c3c([H])c([H])c([H])c([H])c3[H])c(C([H])([H])[H])c([H])o2)(<-[C-]#[O+])(<-[C-]#[O+])(<-[C-]#[O+])<-P1(c1c([H])c([H])c([H])c([H])c1[H])c1c([H])c([H])c([H])c([H])c1[H],
DAQSIX,ok,1,1,1,1,1,1,5,5,,coupled_ligand_charge_and_oxidation,N_O_only_coordination,O=C([O-])c1cnccn1 || O=C([O-])c1cnccn1 || [O-2] || [O-][O-],O=C([O-])c1cnccn1 || O=C([O-])c1cnccn1 || [O-2] || [O-][O-],O=C([O-])c1cnccn1 || O=C([O-])c1cnccn1 || O=O || [O-2],[V+5]123(OC(=O)c4n->1c([H])c([H])nc4[H])(OC(=O)c1n->2c([H])c([H])nc1[H])(=O)<-[O-][O-]->3,
EBUJIU,ok,1,1,1,1,1,1,5,5,,coupled_ligand_charge_and_oxidation,N_O_only_coordination,CN1Cc2cccc(n2)CN(C)Cc2cccc(n2)C1 || [O-2] || [O-][O-],CN1Cc2cccc(n2)CN(C)Cc2cccc(n2)C1 || [O-2] || [O-][O-],CN1Cc2cccc(n2)CN(C)Cc2cccc(n2)C1 || O=O || [O-2],[V+5]1234(=O)(<-[O-][O-]->1)<-N1(C([H])([H])[H])C([H])([H])c5n->2c(c([H])c([H])c5[H])C([H])([H])N->3(C([H])([H])[H])C([H])([H])c2n->4c(c([H])c([H])c2[H])C1([H])[H],
EQADIL,ok,1,1,1,1,1,1,6,6,,coupled_ligand_charge_and_oxidation,N_O_only_coordination,[O-2] || [O-][O-] || [O-][O-] || c1ccc(-c2ccccn2)nc1,[O-2] || [O-][O-] || [O-][O-] || c1ccc(-c2ccccn2)nc1,C1=C[N-]C(=C2C=CC=C[N-]2)C=C1 || O=O || O=O || [O-2],[W+6]123(<-[O-][O-]->1)(<-[O-][O-]->2)(=O)<-n1c([H])c([H])c([H])c([H])c1-c1n->3c([H])c([H])c([H])c1[H],
EQIBOX,ok,1,1,1,1,1,1,6,6,,coupled_ligand_charge_and_oxidation,N_O_only_coordination,CCCCS(=O)(=NC)c1ccccn1 || [O-2] || [O-][O-] || [O-][O-],CCCCS(=O)(=NC)c1ccccn1 || [O-2] || [O-][O-] || [O-][O-],CCCCS(=O)(=NC)c1ccccn1 || O=O || O=O || [O-2],[Mo+6]123(<-n4c([H])c([H])c([H])c([H])c4S(=N->1C([H])([H])[H])(=O)C([H])([H])C([H])([H])C([H])([H])C([H])([H])[H])(=O)(<-[O-][O-]->2)<-[O-][O-]->3,
EQUMEI,ok,1,1,1,1,1,1,6,6,,coupled_ligand_charge_and_oxidation,N_O_only_coordination,[O-2] || [O-][O-] || [O-][O-] || c1ccc(Cn2ccc(-c3ccccn3)n2)cc1,[O-2] || [O-][O-] || [O-][O-] || c1ccc(Cn2ccc(-c3ccccn3)n2)cc1,O=O || O=O || [O-2] || c1ccc(Cn2ccc(-c3ccccn3)n2)cc1,[Mo+6]123(=O)(<-[O-][O-]->1)(<-[O-][O-]->2)<-n1c([H])c([H])c([H])c([H])c1-c1n->3n(C(c2c([H])c([H])c([H])c([H])c2[H])([H])[H])c([H])c1[H],
EVAKER,ok,1,1,1,1,1,1,5,5,,coupled_ligand_charge_and_oxidation,N_O_only_coordination,O=C([O-])c1ncccc1O || O=C([O-])c1ncccc1O || [O-2] || [O-][O-],O=C([O-])c1ncccc1O || O=C([O-])c1ncccc1O || [O-2] || [O-][O-],O=C([O-])c1ncccc1O || O=C([O-])c1ncccc1O || O=O || [O-2],[V+5]123(=O)(<-[O-][O-]->1)(OC(=O)c1n->2c([H])c([H])c([H])c1O[H])OC(=O)c1n->3c([H])c([H])c([H])c1O[H],
FAJFEC,ok,1,1,1,1,1,1,3,3,,coupled_ligand_charge_and_oxidation,N_O_only_coordination,CC(C)(N)C(C)(C)N || CC(C)(N)C(C)(C)N || [O-][O-],CC(C)(N)C(C)(C)N || CC(C)(N)C(C)(C)N || [O-][O-],CC(C)(N)C(C)(C)N || CC(C)(N)C(C)(C)N || O=O,[Co+3]123(<-[O-][O-]->1)(<-N(C(C(N->2([H])[H])(C([H])([H])[H])C([H])([H])[H])(C([H])([H])[H])C([H])([H])[H])([H])[H])<-N(C(C(N->3([H])[H])(C([H])([H])[H])C([H])([H])[H])(C([H])([H])[H])C([H])([H])[H])([H])[H],
FEPHUD,ok,1,1,1,1,1,1,3,3,,coupled_ligand_charge_and_oxidation,P_donor_no_M_C,CCSCCP(c1ccccc1)c1ccccc1 || CCSCCP(c1ccccc1)c1ccccc1 || [O-][O-],CCSCCP(c1ccccc1)c1ccccc1 || CCSCCP(c1ccccc1)c1ccccc1 || [O-][O-],CCSCCP(c1ccccc1)c1ccccc1 || CCSCCP(c1ccccc1)c1ccccc1 || O=O,[Ir+3]123(<-S(C(C(P->1(c1c([H])c([H])c([H])c([H])c1[H])c1c([H])c([H])c([H])c([H])c1[H])([H])[H])([H])[H])C(C([H])([H])[H])([H])[H])(<-S(C(C(P->2(c1c([H])c([H])c([H])c([H])c1[H])c1c([H])c([H])c([H])c([H])c1[H])([H])[H])([H])[H])C(C([H])([H])[H])([H])[H])<-[O-][O-]->3,
GAMLEM,ok,1,1,1,1,1,1,6,6,,coupled_ligand_charge_and_oxidation,N_O_only_coordination,[O-2] || [O-][O-] || [O-][O-] || [O-]c1cccc2cccnc12,[O-2] || [O-][O-] || [O-][O-] || [O-]c1cccc2cccnc12,O=O || O=O || [O-2] || [O-]c1cccc2cccnc12,[W+6]123(<-n4c5c(O1)c([H])c([H])c([H])c5c([H])c([H])c4[H])(<-[O-][O-]->2)(<-[O-][O-]->3)=O,
GEFBUR,ok,1,1,1,1,1,1,6,6,,coupled_ligand_charge_and_oxidation,N_O_only_coordination,O=C([O-])c1ccccn1 || [O-2] || [O-][O-] || [O-][O-],O=C([O-])c1ccccn1 || [O-2] || [O-][O-] || [O-][O-],O=C([O-])c1ccccn1 || O=O || O=O || [O-2],[Mo+6]123(<-[O-][O-]->1)(<-[O-][O-]->2)(OC(=O)c1n->3c([H])c([H])c([H])c1[H])=O,
GILGUD,ok,1,1,1,1,1,1,6,6,,coupled_ligand_charge_and_oxidation,haptic_or_adjacent_multi_C,[CH2-][Si](C)(C)C || [O-2] || [O-][O-] || c1cc[cH-]c1,[CH2-][Si](C)(C)C || [O-2] || [O-][O-] || c1cc[cH-]c1,O=O || [CH2-][Si](C)(C)C || [O-2] || c1cc[cH-]c1,[W+6]12345(=O)(<-[O-][O-]->1)(<-C1([H])=C->2([H])C3([H])C->4([H])=C->51[H])C([Si](C([H])([H])[H])(C([H])([H])[H])C([H])([H])[H])([H])[H],
GULQIO,ok,1,1,1,1,1,1,5,5,,coupled_ligand_charge_and_oxidation,N_O_only_coordination,NC(=O)c1ccccn1 || O=C([O-])c1ccccn1 || [O-2] || [O-][O-],NC(=O)c1ccccn1 || O=C([O-])c1ccccn1 || [O-2] || [O-][O-],NC(=O)c1ccccn1 || O=C([O-])c1ccccn1 || O=O || [O-2],[V+5]123(=O)(<-[O-][O-]->1)(<-n1c(C(O2)=O)c([H])c([H])c([H])c1[H])<-n1c(C(=O->3)N([H])[H])c([H])c([H])c([H])c1[H],
HEWCUI,ok,1,1,1,1,1,1,5,5,,coupled_ligand_charge_and_oxidation,N_O_only_coordination,COC(=O)C12CN(Cc3ccccn3)CC(C(=O)OC)(C(c3ccccn3)N(C)C1c1ccccn1)C2(O)O || [O-2] || [O-][O-],COC(=O)C12CN(Cc3ccccn3)CC(C(=O)OC)(C(c3ccccn3)N(C)C1c1ccccn1)C2(O)O || [O-2] || [O-][O-],COC(=O)C12CN(Cc3ccccn3)CC(C(=O)OC)(C(c3ccccn3)N(C)C1c1ccccn1)C2(O)O || O=O || [O-2],C12(C(=O)OC([H])([H])[H])C3([H])c4c([H])c([H])c([H])c([H])n4->[V+5]456(<-n7c(C([H])(C(C(=O)OC([H])([H])[H])(C([H])([H])N->4(C([H])([H])c4c([H])c([H])c([H])c([H])n4)C1([H])[H])C2(O[H])O[H])N->53C([H])([H])[H])c([H])c([H])c([H])c7[H])(=O)<-[O-][O-]->6,
HONNAA,ok,1,1,1,1,1,1,4,4,,coupled_ligand_charge_and_oxidation,haptic_or_adjacent_multi_C,Cc1c(C)c(C)[c-](C)c1C || [C-]#Cc1c(F)c(F)c(F)c(F)c1F || [O-][O-] || c1ccc(P(c2ccccc2)c2ccccc2)cc1,Cc1c(C)c(C)[c-](C)c1C || [C-]#Cc1c(F)c(F)c(F)c(F)c1F || [O-][O-] || c1ccc(P(c2ccccc2)c2ccccc2)cc1,Cc1c(C)c(C)[c-](C)c1C || O=O || [C-]#Cc1c(F)c(F)c(F)c(F)c1F || c1ccc(P(c2ccccc2)c2ccccc2)cc1,[Ru+4]12345(<-[O-][O-]->1)(<-P(c1c([H])c([H])c([H])c([H])c1[H])(c1c([H])c([H])c([H])c([H])c1[H])c1c([H])c([H])c([H])c([H])c1[H])(C#Cc1c(F)c(F)c(F)c(F)c1F)<-C1(C([H])([H])[H])=C->2(C([H])([H])[H])C3(C([H])([H])[H])C->4(C([H])([H])[H])=C->51C([H])([H])[H],
HOQYER,ok,1,1,1,1,1,1,4,4,,coupled_ligand_charge_and_oxidation,haptic_or_adjacent_multi_C,Cc1c(C)c(C)[c-](C)c1C || [C-]#Cc1ccccc1 || [O-][O-] || c1ccc(P(c2ccccc2)c2ccccc2)cc1,Cc1c(C)c(C)[c-](C)c1C || [C-]#Cc1ccccc1 || [O-][O-] || c1ccc(P(c2ccccc2)c2ccccc2)cc1,Cc1c(C)c(C)[c-](C)c1C || O=O || [C-]#Cc1ccccc1 || c1ccc(P(c2ccccc2)c2ccccc2)cc1,[Ru+4]12345(<-[O-][O-]->1)(<-P(c1c([H])c([H])c([H])c([H])c1[H])(c1c([H])c([H])c([H])c([H])c1[H])c1c([H])c([H])c([H])c([H])c1[H])(C#Cc1c([H])c([H])c([H])c([H])c1[H])<-C1(C([H])([H])[H])=C->2(C([H])([H])[H])C->3(C([H])([H])[H])=C->4(C([H])([H])[H])C51C([H])([H])[H],
HOZZON,ok,1,1,1,1,1,1,6,6,,coupled_ligand_charge_and_oxidation,N_O_only_coordination,CC(=NN=C([O-])c1ccccc1)c1ccccc1[O-] || CO || [O-2] || [O-][O-],CC(=NN=C([O-])c1ccccc1)c1ccccc1[O-] || CO || [O-2] || [O-][O-],CC(=NN=C([O-])c1ccccc1)c1ccccc1[O-] || CO || O=O || [O-2],[Mo+6]123(=O)(<-N(=C(C([H])([H])[H])c4c([H])c([H])c([H])c([H])c4O1)N=C(c1c([H])c([H])c([H])c([H])c1[H])O2)(<-[O-][O-]->3)<-O([H])C([H])([H])[H],
HUSTIA,ok,1,1,1,1,1,1,6,6,,coupled_ligand_charge_and_oxidation,N_O_only_coordination,CC(=NN=C([O-])c1ccncc1)c1ccccc1[O-] || CO || [O-2] || [O-][O-],CC(=NN=C([O-])c1ccncc1)c1ccccc1[O-] || CO || [O-2] || [O-][O-],CC(=NN=C([O-])c1ccncc1)c1ccccc1[O-] || CO || O=O || [O-2],[W+6]123(<-N(=C(C([H])([H])[H])c4c(c([H])c([H])c([H])c4[H])O1)N=C(c1c([H])c([H])nc([H])c1[H])O2)(<-[O-][O-]->3)(<-O([H])C([H])([H])[H])=O,
IGIZUT,ok,1,1,1,1,1,1,2,2,,coupled_ligand_charge_and_oxidation,P_donor_no_M_C,CC(C)(C)P(Cc1ccccc1CP(C(C)(C)C)C(C)(C)C)C(C)(C)C || [O-][O-],CC(C)(C)P(Cc1ccccc1CP(C(C)(C)C)C(C)(C)C)C(C)(C)C || [O-][O-],CC(C)(C)P(Cc1ccccc1CP(C(C)(C)C)C(C)(C)C)C(C)(C)C || O=O,[Pd+2]12(<-P(C(c3c(C(P->1(C(C([H])([H])[H])(C([H])([H])[H])C([H])([H])[H])C(C([H])([H])[H])(C([H])([H])[H])C([H])([H])[H])([H])[H])c([H])c([H])c([H])c3[H])([H])[H])(C(C([H])([H])[H])(C([H])([H])[H])C([H])([H])[H])C(C([H])([H])[H])(C([H])([H])[H])C([H])([H])[H])<-[O-][O-]->2,
ITOHIJ,ok,1,1,1,1,1,1,3,3,,coupled_ligand_charge_and_oxidation,C_N_donor_cyanide_or_isocyanide,CC(=Nc1c(C)cccc1C)C(C)=Nc1c(C)cccc1C || [C-]#[N+]C(C)(C)C || [Cl-] || [O-][O-],CC(=Nc1c(C)cccc1C)C(C)=Nc1c(C)cccc1C || [C-]#[N+]C(C)(C)C || [Cl-] || [O-][O-],CC(=Nc1c(C)cccc1C)C(C)=Nc1c(C)cccc1C || O=O || [C-]#[N+]C(C)(C)C || [Cl-],C1(C(C([H])([H])[H])=N(c2c(C([H])([H])[H])c([H])c([H])c([H])c2C([H])([H])[H])->[Rh+3]2(<-[C-]#[N+]C(C([H])([H])[H])(C([H])([H])[H])C([H])([H])[H])(Cl)(<-N=1c1c(C([H])([H])[H])c([H])c([H])c([H])c1C([H])([H])[H])<-[O-][O-]->2)C([H])([H])[H],
JALBEE,ok,1,1,1,1,1,1,6,6,,coupled_ligand_charge_and_oxidation,N_O_only_coordination,COCC1N=C(c2ccccn2)OC1c1ccccc1 || [O-2] || [O-][O-] || [O-][O-],COCC1N=C(c2ccccn2)OC1c1ccccc1 || [O-2] || [O-][O-] || [O-][O-],COCC1N=C(c2ccccn2)OC1c1ccccc1 || O=O || O=O || [O-2],[Mo+6]123(=O)(<-[O-][O-]->1)(<-[O-][O-]->2)<-n1c([H])c([H])c([H])c([H])c1C1=N->3C([H])(C(OC([H])([H])[H])([H])[H])C([H])(c2c([H])c([H])c([H])c([H])c2[H])O1,
KABKOO,ok,1,1,0,1,0,1,2,0,,coupled_ligand_charge_and_oxidation,heterocyclic_carbene_like,COc1cccc2c1N(C)[C-2]O2 || [C-]#[O+] || [C-]#[O+] || [C-]#[O+] || [C-]#[O+] || [C-]#[O+],COc1cccc2c1N(C)[C]O2 || [C-]#[O+] || [C-]#[O+] || [C-]#[O+] || [C-]#[O+] || [C-]#[O+],COc1cccc2c1N(C)[C-2]O2 || [C-]#[O+] || [C-]#[O+] || [C-]#[O+] || [C-]#[O+] || [C-]#[O+],n1(C([H])([H])[H])c(=[W+2](<-[C-]#[O+])(<-[C-]#[O+])(<-[C-]#[O+])(<-[C-]#[O+])<-[C-]#[O+])oc2c1c(OC([H])([H])[H])c([H])c([H])c2[H],
KEZWOD,ok,1,1,0,1,0,1,3,1,,coupled_ligand_charge_and_oxidation,haptic_or_adjacent_multi_C,C1=CCCC=CCC1 || CC1=C(C)N(c2c(C)cc(C)cc2C)[C-2]O1 || [Cl-],C1=CCCC=CCC1 || CC1=C(C)N(c2c(C)cc(C)cc2C)[C]O1 || [Cl-],C1=CCCC=CCC1 || CC1=C(C)N(c2c(C)cc(C)cc2C)[C-2]O1 || [Cl-],[Rh+3]123(Cl)(<-C4([H])=C->1([H])C([H])([H])C([H])([H])C->2([H])=C->3([H])C([H])([H])C4([H])[H])=c1n(-c2c(C([H])([H])[H])c([H])c(C([H])([H])[H])c([H])c2C([H])([H])[H])c(C([H])([H])[H])c(C([H])([H])[H])o1,
KUHSIQ,ok,1,1,1,1,1,1,2,2,,coupled_ligand_charge_and_oxidation,P_donor_no_M_C,[O-][O-] || c1ccc(P(c2ccccc2)c2ccccc2)cc1 || c1ccc(P(c2ccccc2)c2ccccc2)cc1,[O-][O-] || c1ccc(P(c2ccccc2)c2ccccc2)cc1 || c1ccc(P(c2ccccc2)c2ccccc2)cc1,O=O || c1ccc(P(c2ccccc2)c2ccccc2)cc1 || c1ccc(P(c2ccccc2)c2ccccc2)cc1,[Pd+2]1(<-P(c2c([H])c([H])c([H])c([H])c2[H])(c2c([H])c([H])c([H])c([H])c2[H])c2c([H])c([H])c([H])c([H])c2[H])(<-P(c2c([H])c([H])c([H])c([H])c2[H])(c2c([H])c([H])c([H])c([H])c2[H])c2c([H])c([H])c([H])c([H])c2[H])<-[O-][O-]->1,
KUKNIO,ok,1,1,1,1,1,1,3,3,,coupled_ligand_charge_and_oxidation,P_donor_no_M_C,CP(C)C || CP(C)C || CP(C)C || CP(C)C || [O-][O-],CP(C)C || CP(C)C || CP(C)C || CP(C)C || [O-][O-],CP(C)C || CP(C)C || CP(C)C || CP(C)C || O=O,[Ir+3]1(<-P(C([H])([H])[H])(C([H])([H])[H])C([H])([H])[H])(<-P(C([H])([H])[H])(C([H])([H])[H])C([H])([H])[H])(<-P(C([H])([H])[H])(C([H])([H])[H])C([H])([H])[H])(<-P(C([H])([H])[H])(C([H])([H])[H])C([H])([H])[H])<-[O-][O-]->1,
LECSOC,ok,1,1,1,1,1,1,6,6,,coupled_ligand_charge_and_oxidation,N_O_only_coordination,CC1CCC(C(C)C)C(Oc2cccc(-n3cccn3)n2)C1 || [O-2] || [O-][O-] || [O-][O-],CC1CCC(C(C)C)C(Oc2cccc(-n3cccn3)n2)C1 || [O-2] || [O-][O-] || [O-][O-],CC1CCC(C(C)C)C(Oc2cccc(-n3cccn3)n2)C1 || O=O || O=O || [O-2],[Mo+6]123(<-n4c([H])c([H])c([H])n4-c4c([H])c([H])c([H])c(OC5([H])C([H])(C([H])(C([H])([H])[H])C([H])([H])[H])C([H])([H])C([H])([H])C([H])(C([H])([H])[H])C5([H])[H])n->14)(=O)(<-[O-][O-]->2)<-[O-][O-]->3,
LEWYAN,ok,1,1,0,1,0,1,2,0,,coupled_ligand_charge_and_oxidation,heterocyclic_carbene_like,COc1cccc2c1N(C)[C-2]O2 || [C-]#[O+] || [C-]#[O+] || [C-]#[O+] || [C-]#[O+] || [C-]#[O+],COc1cccc2c1N(C)[C]O2 || [C-]#[O+] || [C-]#[O+] || [C-]#[O+] || [C-]#[O+] || [C-]#[O+],COc1cccc2c1N(C)[C-2]O2 || [C-]#[O+] || [C-]#[O+] || [C-]#[O+] || [C-]#[O+] || [C-]#[O+],[Cr+2](=c1oc2c(n1C([H])([H])[H])c(OC([H])([H])[H])c([H])c([H])c2[H])(<-[C-]#[O+])(<-[C-]#[O+])(<-[C-]#[O+])(<-[C-]#[O+])<-[C-]#[O+],
LIDROF,ok,1,1,1,1,1,1,6,6,,coupled_ligand_charge_and_oxidation,N_O_only_coordination,O=C([O-])CN(CC(=O)[O-])CC(=O)[O-] || [O-2] || [O-][O-],O=C([O-])CN(CC(=O)[O-])CC(=O)[O-] || [O-2] || [O-][O-],O=C([O-])CN(CC(=O)[O-])CC(=O)[O-] || O=O || [O-2],[Mo+6]1234(<-N(C([H])([H])C(=O)O1)(C([H])([H])C(=O)O2)C([H])([H])C(=O)O3)(<-[O-][O-]->4)=O,
LIWBAU,ok,1,1,0,1,1,1,0,0,,coupled_ligand_charge_and_oxidation,heterocyclic_carbene_like,C=CCN1COc2ccccc21 || [C-]#[O+] || [C-]#[O+] || [C-]#[O+] || [C-]#[O+] || [C-]#[O+],C=CCN1[C]Oc2ccccc21 || [C-]#[O+] || [C-]#[O+] || [C-]#[O+] || [C-]#[O+] || [C-]#[O+],C=CCN1[C-2]Oc2ccccc21 || [C-]#[O+] || [C-]#[O+] || [C-]#[O+] || [C-]#[O+] || [C-]#[O+],[W](<-[C-]#[O+])(<-[C-]#[O+])(<-[C-]#[O+])(<-[C-]#[O+])(<-[C-]#[O+])<-C1Oc2c([H])c([H])c([H])c([H])c2N1C(C(=C([H])[H])[H])([H])[H],
MEZCOJ,ok,1,1,1,1,1,1,5,5,,coupled_ligand_charge_and_oxidation,N_O_only_coordination,Nc1cccc(CN(CC(=O)[O-])CC(=O)[O-])n1 || [O-2] || [O-][O-],Nc1cccc(CN(CC(=O)[O-])CC(=O)[O-])n1 || [O-2] || [O-][O-],Nc1cccc(CN(CC(=O)[O-])CC(=O)[O-])n1 || O=O || [O-2],[V+5]1234(<-n5c(N([H])[H])c([H])c([H])c([H])c5C(N->1(C([H])([H])C(=O)O2)C([H])([H])C(=O)O3)([H])[H])(=O)<-[O-][O-]->4,
MEZCUP,ok,1,1,1,1,1,1,5,5,,coupled_ligand_charge_and_oxidation,N_O_only_coordination,Nc1ccc(Br)c(CN(CC(=O)[O-])CC(=O)[O-])n1 || [O-2] || [O-][O-],Nc1ccc(Br)c(CN(CC(=O)[O-])CC(=O)[O-])n1 || [O-2] || [O-][O-],Nc1ccc(Br)c(CN(CC(=O)[O-])CC(=O)[O-])n1 || O=O || [O-2],Brc1c([H])c([H])c(N([H])[H])n2->[V+5]345(<-N(C(c21)([H])[H])(C([H])([H])C(=O)O3)C([H])([H])C(=O)O4)(=O)<-[O-][O-]->5,
MOZDUC,ok,1,1,1,1,1,1,6,6,,coupled_ligand_charge_and_oxidation,haptic_or_adjacent_multi_C,F[C-](F)F || [O-2] || [O-][O-] || c1cc[cH-]c1,F[C-](F)F || [O-2] || [O-][O-] || c1cc[cH-]c1,F[C-](F)F || O=O || [O-2] || c1cc[cH-]c1,[Mo+6]12345(<-[O-][O-]->1)(=O)(<-C1([H])=C->2([H])C3([H])C->4([H])=C->51[H])C(F)(F)F,
MUGZOE,ok,1,1,1,1,1,1,3,3,,coupled_ligand_charge_and_oxidation,C_N_donor_cyanide_or_isocyanide,CC(C)(C)c1ccnc(-c2cc(C(C)(C)C)ccn2)c1 || [C-]#[N+]C(C)(C)C || [Cl-] || [O-][O-],CC(C)(C)c1ccnc(-c2cc(C(C)(C)C)ccn2)c1 || [C-]#[N+]C(C)(C)C || [Cl-] || [O-][O-],CC(C)(C)c1ccnc(-c2cc(C(C)(C)C)ccn2)c1 || O=O || [C-]#[N+]C(C)(C)C || [Cl-],c1([H])c([H])c(C(C([H])([H])[H])(C([H])([H])[H])C([H])([H])[H])c([H])c2-c3c([H])c(C(C([H])([H])[H])(C([H])([H])[H])C([H])([H])[H])c([H])c([H])n3->[Rh+3]3(<-[C-]#[N+]C(C([H])([H])[H])(C([H])([H])[H])C([H])([H])[H])(Cl)(<-n12)<-[O-][O-]->3,
NACPUF,ok,1,1,1,1,1,1,6,6,,coupled_ligand_charge_and_oxidation,N_O_only_coordination,CC(=NN=C([O-])c1ccccc1)c1c(C)nn(-c2ccccc2)c1[O-] || CO || [O-2] || [O-][O-],CC(=NN=C([O-])c1ccccc1)c1c(C)nn(-c2ccccc2)c1[O-] || CO || [O-2] || [O-][O-],CC(=NN=C([O-])c1ccccc1)c1c(C)nn(-c2ccccc2)c1[O-] || CO || O=O || [O-2],[Mo+6]123(=O)(<-[O-][O-]->1)(<-N(=C(C([H])([H])[H])c1c(n(-c4c([H])c([H])c([H])c([H])c4[H])nc1C([H])([H])[H])O2)N=C(c1c([H])c([H])c([H])c([H])c1[H])O3)<-O([H])C([H])([H])[H],
NAHTAR,ok,1,1,1,1,1,1,7,7,,coupled_ligand_charge_and_oxidation,other_C_bound_ligand,CN(C)P(=O)(N(C)C)N(C)C || [CH3-] || [O-2] || [O-][O-] || [O-][O-],CN(C)P(=O)(N(C)C)N(C)C || [CH3-] || [O-2] || [O-][O-] || [O-][O-],CN(C)P(=O)(N(C)C)N(C)C || O=O || O=O || [CH3-] || [O-2],[Re+7]12(=O)(<-[O-][O-]->1)(<-[O-][O-]->2)(<-O=P(N(C([H])([H])[H])C([H])([H])[H])(N(C([H])([H])[H])C([H])([H])[H])N(C([H])([H])[H])C([H])([H])[H])C([H])([H])[H],
NELVOS,ok,1,1,1,1,1,1,6,6,,coupled_ligand_charge_and_oxidation,N_O_only_coordination,Cc1nn(-c2ccccc2)c([O-])c1C(=O)CC(C)(C)C || [O-2] || [O-][O-] || [O-][O-],Cc1nn(-c2ccccc2)c([O-])c1C(=O)CC(C)(C)C || [O-2] || [O-][O-] || [O-][O-],Cc1nn(-c2ccccc2)c([O-])c1C(=O)CC(C)(C)C || O=O || O=O || [O-2],[Mo+6]123(Oc4n(-c5c([H])c([H])c([H])c([H])c5[H])nc(C([H])([H])[H])c4C(=O->1)C([H])([H])C(C([H])([H])[H])(C([H])([H])[H])C([H])([H])[H])(=O)(<-[O-][O-]->2)<-[O-][O-]->3,
OGOBIV,ok,1,1,1,1,1,1,3,3,,coupled_ligand_charge_and_oxidation,haptic_or_adjacent_multi_C,C=C || Cc1cccc(CN(C)Cc2cccc(C)n2)n1 || [O-][O-],C=C || Cc1cccc(CN(C)Cc2cccc(C)n2)n1 || [O-][O-],C=C || Cc1cccc(CN(C)Cc2cccc(C)n2)n1 || O=O,[Ir+3]1234(<-[O-][O-]->1)(<-C([H])([H])=C->2([H])[H])<-n1c(C([H])([H])N->3(C([H])([H])c2n->4c(C([H])([H])[H])c([H])c([H])c2[H])C([H])([H])[H])c([H])c([H])c([H])c1C([H])([H])[H],
ONIWIS,ok,1,1,1,1,1,1,3,3,,coupled_ligand_charge_and_oxidation,carbonyl_like,CCP(CC)CC || CCP(CC)CC || Fc1[c-]c(F)c(F)nc1F || [C-]#[O+] || [O-][O-],CCP(CC)CC || CCP(CC)CC || Fc1[c-]c(F)c(F)nc1F || [C-]#[O+] || [O-][O-],CCP(CC)CC || CCP(CC)CC || Fc1[c-]c(F)c(F)nc1F || O=O || [C-]#[O+],[C-](#[O+])->[Rh+3]1(c2c(F)c(F)nc(F)c2F)(<-[O-][O-]->1)(<-P(C([H])([H])C([H])([H])[H])(C([H])([H])C([H])([H])[H])C([H])([H])C([H])([H])[H])<-P(C([H])([H])C([H])([H])[H])(C([H])([H])C([H])([H])[H])C([H])([H])C([H])([H])[H],
OSIPUC,ok,1,1,1,1,1,1,3,3,,coupled_ligand_charge_and_oxidation,carbonyl_like,COc1ccccc1P(c1ccccc1)c1ccccc1 || COc1ccccc1P(c1ccccc1)c1ccccc1 || [C-]#[O+] || [Cl-] || [O-][O-],COc1ccccc1P(c1ccccc1)c1ccccc1 || COc1ccccc1P(c1ccccc1)c1ccccc1 || [C-]#[O+] || [Cl-] || [O-][O-],COc1ccccc1P(c1ccccc1)c1ccccc1 || COc1ccccc1P(c1ccccc1)c1ccccc1 || O=O || [C-]#[O+] || [Cl-],[Ir+3]1(Cl)(<-P(c2c([H])c([H])c([H])c([H])c2[H])(c2c([H])c([H])c([H])c([H])c2[H])c2c(OC([H])([H])[H])c([H])c([H])c([H])c2[H])(<-P(c2c([H])c([H])c([H])c([H])c2[H])(c2c([H])c([H])c([H])c([H])c2[H])c2c(OC([H])([H])[H])c([H])c([H])c([H])c2[H])(<-[O-][O-]->1)<-[C-]#[O+],
PEHKIY,ok,1,1,1,1,1,1,6,6,,coupled_ligand_charge_and_oxidation,N_O_only_coordination,[O-2] || [O-][O-] || [O-][O-] || c1cnn(Cn2cccn2)c1,[O-2] || [O-][O-] || [O-][O-] || c1cnn(Cn2cccn2)c1,O=O || O=O || [O-2] || c1cnn(Cn2cccn2)c1,[Mo+6]123(=O)(<-[O-][O-]->1)(<-[O-][O-]->2)<-n1n(C(n2n->3c([H])c([H])c2[H])([H])[H])c([H])c([H])c1[H],
PIXTEV,ok,1,1,0,1,1,1,4,4,,coupled_ligand_charge_and_oxidation,N_O_only_coordination,CN1CCN(C)CCN(C)CC1 || N#C[O-] || N#C[O-] || [O-][O-],CN1CCN(C)CCN(C)CC1 || [N-]=C=O || [N-]=C=O || [O-][O-],CN1CCN(C)CCN(C)CC1 || N#C[O-] || N#C[O-] || O=O,[Ti+4]123(<-N4(C([H])([H])[H])C([H])([H])C([H])([H])N->1(C([H])([H])[H])C([H])([H])C([H])([H])N->2(C([H])([H])[H])C([H])([H])C4([H])[H])(<-[O-][O-]->3)(<-N#C[O-])<-N#C[O-],
POJMEH,ok,1,1,1,1,1,1,3,3,,coupled_ligand_charge_and_oxidation,P_donor_no_M_C,CC(C)(C)P(C[Si](C)(C)[N-][Si](C)(C)CP(C(C)(C)C)C(C)(C)C)C(C)(C)C || [O-][O-],CC(C)(C)P(C[Si](C)(C)[N-][Si](C)(C)CP(C(C)(C)C)C(C)(C)C)C(C)(C)C || [O-][O-],CC(C)(C)P(C[Si](C)(C)[N-][Si](C)(C)CP(C(C)(C)C)C(C)(C)C)C(C)(C)C || O=O,[Rh+3]123(<-P(C([Si](N1[Si](C([H])([H])[H])(C([H])([H])[H])C(P->2(C(C([H])([H])[H])(C([H])([H])[H])C([H])([H])[H])C(C([H])([H])[H])(C([H])([H])[H])C([H])([H])[H])([H])[H])(C([H])([H])[H])C([H])([H])[H])([H])[H])(C(C([H])([H])[H])(C([H])([H])[H])C([H])([H])[H])C(C([H])([H])[H])(C([H])([H])[H])C([H])([H])[H])<-[O-][O-]->3,
POWDAG,ok,1,1,1,1,1,1,2,2,,coupled_ligand_charge_and_oxidation,carbonyl_like,[C-]#[O+] || [C-]#[O+] || [O-][O-] || c1ccc(P(c2ccccc2)c2ccccc2)cc1 || c1ccc(P(c2ccccc2)c2ccccc2)cc1,[C-]#[O+] || [C-]#[O+] || [O-][O-] || c1ccc(P(c2ccccc2)c2ccccc2)cc1 || c1ccc(P(c2ccccc2)c2ccccc2)cc1,O=O || [C-]#[O+] || [C-]#[O+] || c1ccc(P(c2ccccc2)c2ccccc2)cc1 || c1ccc(P(c2ccccc2)c2ccccc2)cc1,[Ru+2]1(<-P(c2c([H])c([H])c([H])c([H])c2[H])(c2c([H])c([H])c([H])c([H])c2[H])c2c([H])c([H])c([H])c([H])c2[H])(<-P(c2c([H])c([H])c([H])c([H])c2[H])(c2c([H])c([H])c([H])c([H])c2[H])c2c([H])c([H])c([H])c([H])c2[H])(<-[O-][O-]->1)(<-[C-]#[O+])<-[C-]#[O+],
PUMRUM,ok,1,1,0,1,1,1,4,4,,coupled_ligand_charge_and_oxidation,heterocyclic_carbene_like,CC(C)P(C(C)C)C(C)C || CC(C)P(C(C)C)C(C)C || CN1C=CN(C[C-]=O)C1 || [Cl-] || [O-][O-],CC(C)P(C(C)C)C(C)C || CC(C)P(C(C)C)C(C)C || CN1[C]N(C[C-]=O)C=C1 || [Cl-] || [O-][O-],CC(C)P(C(C)C)C(C)C || CC(C)P(C(C)C)C(C)C || CN1C=CN(C[C-]=O)C1 || O=O || [Cl-],[Os+4]12(Cl)(<-P(C([H])(C([H])([H])[H])C([H])([H])[H])(C([H])(C([H])([H])[H])C([H])([H])[H])C([H])(C([H])([H])[H])C([H])([H])[H])(<-P(C([H])(C([H])([H])[H])C([H])([H])[H])(C([H])(C([H])([H])[H])C([H])([H])[H])C([H])(C([H])([H])[H])C([H])([H])[H])(<-[O-][O-]->1)<-C1N(C([H])([H])[H])C([H])=C([H])N1C([H])([H])C2=O,
QATKUT,ok,1,1,1,1,1,1,6,6,,coupled_ligand_charge_and_oxidation,N_O_only_coordination,[O-2] || [O-][O-] || [O-]c1ccccc1C1=NCCO1 || [O-]c1ccccc1C1=NCCO1,[O-2] || [O-][O-] || [O-]c1ccccc1C1=NCCO1 || [O-]c1ccccc1C1=NCCO1,O=O || [O-2] || [O-]c1ccccc1C1=NCCO1 || [O-]c1ccccc1C1=NCCO1,[Mo+6]123(Oc4c([H])c([H])c([H])c([H])c4C4=N->1C([H])([H])C([H])([H])O4)(<-N1=C(c4c([H])c([H])c([H])c([H])c4O2)OC([H])([H])C1([H])[H])(<-[O-][O-]->3)=O,
QEFLIZ,ok,1,1,1,1,1,1,3,3,,coupled_ligand_charge_and_oxidation,N_O_only_coordination,CC(C)(C)N1Cc2cccc(n2)CN(C(C)(C)C)Cc2cccc(n2)C1 || [O-][O-],CC(C)(C)N1Cc2cccc(n2)CN(C(C)(C)C)Cc2cccc(n2)C1 || [O-][O-],CC(C)(C)N1Cc2cccc(n2)CN(C(C)(C)C)Cc2cccc(n2)C1 || O=O,[Co+3]1234(<-[O-][O-]->1)<-n1c5c([H])c([H])c([H])c1C([H])([H])N->2(C(C([H])([H])[H])(C([H])([H])[H])C([H])([H])[H])C([H])([H])c1n->3c(c([H])c([H])c1[H])C([H])([H])N->4(C(C([H])([H])[H])(C([H])([H])[H])C([H])([H])[H])C5([H])[H],
QEKDOB,ok,1,1,1,1,1,1,3,3,,coupled_ligand_charge_and_oxidation,C_N_donor_cyanide_or_isocyanide,CCP(CC)CC || CCP(CC)CC || [C-]#[N+]c1c(C)cccc1C || [Cl-] || [O-][O-],CCP(CC)CC || CCP(CC)CC || [C-]#[N+]c1c(C)cccc1C || [Cl-] || [O-][O-],CCP(CC)CC || CCP(CC)CC || O=O || [C-]#[N+]c1c(C)cccc1C || [Cl-],[Rh+3]1(<-P(C([H])([H])C([H])([H])[H])(C([H])([H])C([H])([H])[H])C([H])([H])C([H])([H])[H])(<-P(C([H])([H])C([H])([H])[H])(C([H])([H])C([H])([H])[H])C([H])([H])C([H])([H])[H])(Cl)(<-[O-][O-]->1)<-[C-]#[N+]c1c(C([H])([H])[H])c([H])c([H])c([H])c1C([H])([H])[H],
QELZOZ,ok,1,1,1,1,1,1,5,5,,metal_disconnection_or_ligand_partition,N_O_only_coordination,O=C(N[O-])c1ccccc1 || [O-2] || [O-][O-] || c1ccc(-c2ccccn2)nc1,O=C(N[O-])c1ccccc1 || [O-2] || [O-][O-] || c1ccc(-c2ccccn2)nc1,C1=C[N-]C(=C2C=CC=C[N-]2)C=C1 || O=C(N[O-])c1ccccc1 || O=O || [O-2],c1([H])c([H])c([H])c([H])c([H])c1C1N(O[V+5]23(<-n4c([H])c([H])c([H])c([H])c4-c4c([H])c([H])c([H])c([H])n->24)(<-O=1)(=O)<-[O-][O-]->3)[H],
QIZTOJ,ok,1,1,1,1,1,1,6,6,,coupled_ligand_charge_and_oxidation,N_O_only_coordination,O=C(C=Cc1ccccc1)N([O-])c1ccccc1 || O=C(C=Cc1ccccc1)N([O-])c1ccccc1 || [O-2] || [O-][O-],O=C(C=Cc1ccccc1)N([O-])c1ccccc1 || O=C(C=Cc1ccccc1)N([O-])c1ccccc1 || [O-2] || [O-][O-],O=C(C=Cc1ccccc1)N([O-])c1ccccc1 || O=C(C=Cc1ccccc1)N([O-])c1ccccc1 || O=O || [O-2],[W+6]123(=O)(<-[O-][O-]->1)(<-O=C(N(O2)c1c([H])c([H])c([H])c([H])c1[H])C([H])=C([H])c1c([H])c([H])c([H])c([H])c1[H])ON(c1c([H])c([H])c([H])c([H])c1[H])C(=O->3)C([H])=C([H])c1c([H])c([H])c([H])c([H])c1[H],
QOXBIP,ok,1,1,1,1,1,1,6,6,,coupled_ligand_charge_and_oxidation,N_O_only_coordination,O=C([O-])c1ccc2ccccc2n1 || [O-2] || [O-][O-] || [O-][O-],O=C([O-])c1ccc2ccccc2n1 || [O-2] || [O-][O-] || [O-][O-],O=C([O-])c1ccc2ccccc2n1 || O=O || O=O || [O-2],[W+6]123(OC(=O)c4n->1c1c(c([H])c4[H])c([H])c([H])c([H])c1[H])(<-[O-][O-]->2)(<-[O-][O-]->3)=O,
QUJRIX,ok,1,1,1,1,1,1,4,4,,coupled_ligand_charge_and_oxidation,halide_containing_no_M_C,Cc1cc(C)n(-c2cccc(-n3nc(C)cc3C)n2)n1 || [Cl-] || [Cl-] || [O-][O-],Cc1cc(C)n(-c2cccc(-n3nc(C)cc3C)n2)n1 || [Cl-] || [Cl-] || [O-][O-],Cc1cc(C)n(-c2cccc(-n3nc(C)cc3C)n2)n1 || O=O || [Cl-] || [Cl-],[Ti+4]123(Cl)(Cl)(<-[O-][O-]->1)<-n1c(C([H])([H])[H])c([H])c(C([H])([H])[H])n1-c1n->2c(-n2n->3c(C([H])([H])[H])c([H])c2C([H])([H])[H])c([H])c([H])c1[H],
REKCIV,ok,1,1,1,1,1,1,4,4,,coupled_ligand_charge_and_oxidation,haptic_or_adjacent_multi_C,CC(C)(C)P1CN(Cc2ccccc2)CP(C(C)(C)C)CN(Cc2ccccc2)C1 || [O-][O-] || c1cc[cH-]c1,CC(C)(C)P1CN(Cc2ccccc2)CP(C(C)(C)C)CN(Cc2ccccc2)C1 || [O-][O-] || c1cc[cH-]c1,CC(C)(C)P1CN(Cc2ccccc2)CP(C(C)(C)C)CN(Cc2ccccc2)C1 || O=O || c1cc[cH-]c1,C12([H])->[Ru+4]34567(<-C=1([H])C3([H])C->4([H])=C->52[H])(<-[O-][O-]->6)<-P1(C(C([H])([H])[H])(C([H])([H])[H])C([H])([H])[H])C([H])([H])N(C([H])([H])c2c([H])c([H])c([H])c([H])c2[H])C([H])([H])P->7(C(C([H])([H])[H])(C([H])([H])[H])C([H])([H])[H])C([H])([H])N(C([H])([H])c2c([H])c([H])c([H])c([H])c2[H])C1([H])[H],
RERJOO,ok,1,1,1,1,1,1,3,3,,coupled_ligand_charge_and_oxidation,P_donor_no_M_C,CN(C)c1ccccc1P(c1ccccc1)c1ccccc1 || [Cl-] || [O-][O-] || c1ccc(P(c2ccccc2)c2ccccc2)cc1,CN(C)c1ccccc1P(c1ccccc1)c1ccccc1 || [Cl-] || [O-][O-] || c1ccc(P(c2ccccc2)c2ccccc2)cc1,CN(C)c1ccccc1P(c1ccccc1)c1ccccc1 || O=O || [Cl-] || c1ccc(P(c2ccccc2)c2ccccc2)cc1,c1(P(c2c([H])c([H])c([H])c([H])c2[H])(c2c([H])c([H])c([H])c([H])c2[H])->[Rh+3]23(<-N(c4c(P->2(c2c([H])c([H])c([H])c([H])c2[H])c2c([H])c([H])c([H])c([H])c2[H])c([H])c([H])c([H])c4[H])(C([H])([H])[H])C([H])([H])[H])(Cl)<-[O-][O-]->3)c([H])c([H])c([H])c([H])c1[H],
RUHPOA,ok,1,1,0,1,0,1,4,2,,coupled_ligand_charge_and_oxidation,heterocyclic_carbene_like,CC(C)(C)N1[C-2]ON2C1CCC2(C)C || CC1(C)CCC=N1 || [Cl-] || [Cl-],CC(C)(C)N1[C]ON2C1CCC2(C)C || CC1(C)CCC=N1 || [Cl-] || [Cl-],CC(C)(C)N1[C-2]ON2C1CCC2(C)C || CC1(C)CCC=N1 || [Cl-] || [Cl-],C1(=[Pd+4](<-N2=C([H])C([H])([H])C([H])([H])C2(C([H])([H])[H])C([H])([H])[H])(Cl)Cl)N(C(C([H])([H])[H])(C([H])([H])[H])C([H])([H])[H])C2([H])C([H])([H])C([H])([H])C(C([H])([H])[H])(C([H])([H])[H])N2O1,
RUZYUG,ok,1,1,1,1,1,1,6,6,,coupled_ligand_charge_and_oxidation,haptic_or_adjacent_multi_C,Cc1c(C)c(C)[c-](C)c1C || [C-]#CC#C || [O-2] || [O-][O-],Cc1c(C)c(C)[c-](C)c1C || [C-]#CC#C || [O-2] || [O-][O-],Cc1c(C)c(C)[c-](C)c1C || O=O || [C-]#CC#C || [O-2],[W+6]12345(=O)(<-[O-][O-]->1)(C#CC#C[H])<-C1(C([H])([H])[H])=C->2(C([H])([H])[H])C->3(C([H])([H])[H])=C->4(C([H])([H])[H])C51C([H])([H])[H],
SAFVIF,ok,1,1,1,1,1,1,6,6,,coupled_ligand_charge_and_oxidation,N_O_only_coordination,CP(=O)(c1ccccc1)c1ccccc1 || CP(=O)(c1ccccc1)c1ccccc1 || [O-2] || [O-][O-] || [O-][O-],CP(=O)(c1ccccc1)c1ccccc1 || CP(=O)(c1ccccc1)c1ccccc1 || [O-2] || [O-][O-] || [O-][O-],CP(=O)(c1ccccc1)c1ccccc1 || CP(=O)(c1ccccc1)c1ccccc1 || O=O || O=O || [O-2],[Mo+6]12(<-O=P(C([H])([H])[H])(c3c([H])c([H])c([H])c([H])c3[H])c3c([H])c([H])c([H])c([H])c3[H])(<-O=P(C([H])([H])[H])(c3c([H])c([H])c([H])c([H])c3[H])c3c([H])c([H])c([H])c([H])c3[H])(<-[O-][O-]->1)(<-[O-][O-]->2)=O,
SOVGEQ,ok,1,1,1,1,1,1,6,6,,coupled_ligand_charge_and_oxidation,N_O_only_coordination,CC(=NO)c1ccccc1[O-] || [O-2] || [O-][O-] || [O-][O-],CC(=NO)c1ccccc1[O-] || [O-2] || [O-][O-] || [O-][O-],CC(=NO)c1ccccc1[O-] || O=O || O=O || [O-2],[W+6]123(<-N(O[H])=C(c4c(O1)c([H])c([H])c([H])c4[H])C([H])([H])[H])(<-[O-][O-]->2)(<-[O-][O-]->3)=O,
SOWSON,ok,1,1,1,1,1,1,6,6,,coupled_ligand_charge_and_oxidation,haptic_or_adjacent_multi_C,[CH3-] || [O-2] || [O-][O-] || c1cc[cH-]c1,[CH3-] || [O-2] || [O-][O-] || c1cc[cH-]c1,O=O || [CH3-] || [O-2] || c1cc[cH-]c1,[Mo+6]12345(<-[O-][O-]->1)(=O)(C([H])([H])[H])C1([H])C->2([H])=C->3([H])C->4([H])=C->51[H],
UGEZEM,ok,1,1,1,1,1,1,6,6,,coupled_ligand_charge_and_oxidation,N_O_only_coordination,O=C([O-])c1ccccn1 || [O-2] || [O-][O-] || [O-][O-],O=C([O-])c1ccccn1 || [O-2] || [O-][O-] || [O-][O-],O=C([O-])c1ccccn1 || O=O || O=O || [O-2],C1(c2c([H])c([H])c([H])c([H])n2->[Mo+6]23(=O)(<-[O-][O-]->2)(<-[O-][O-]->3)O1)=O,
VEJDUM,ok,1,1,0,1,1,1,4,4,,coupled_ligand_charge_and_oxidation,haptic_or_adjacent_multi_C,Cc1c(C)c(C)[c-](C)c1C || Cc1cc(C)c(N2C=CN(Cc3ccccn3)C2)c(C)c1 || [O-][O-],Cc1c(C)c(C)[c-](C)c1C || Cc1cc(C)c(N2[C]N(Cc3ccccn3)C=C2)c(C)c1 || [O-][O-],Cc1c(C)c(C)[c-](C)c1C || Cc1cc(C)c(N2C=CN(Cc3ccccn3)C2)c(C)c1 || O=O,[Ru+4]123456(<-n7c([H])c([H])c([H])c([H])c7C(N7C->1N(c1c(C([H])([H])[H])c([H])c(C([H])([H])[H])c([H])c1C([H])([H])[H])C([H])=C7[H])([H])[H])(<-[O-][O-]->2)<-C1(C([H])([H])[H])=C->3(C([H])([H])[H])C->4(C([H])([H])[H])=C->5(C([H])([H])[H])C61C([H])([H])[H],
VINGEF,ok,1,1,1,1,1,1,4,4,,coupled_ligand_charge_and_oxidation,N_O_only_coordination,O=C([O-])CNCCN(CC(=O)[O-])CC(=O)[O-] || [O-][O-],O=C([O-])CNCCN(CC(=O)[O-])CC(=O)[O-] || [O-][O-],O=C([O-])CNCCN(CC(=O)[O-])CC(=O)[O-] || O=O,[Ti+4]12345(<-[O-][O-]->1)<-N(C([H])([H])C([H])([H])N->2([H])C([H])([H])C(=O)O3)(C([H])([H])C(=O)O4)C([H])([H])C(=O)O5,
VINGUV,ok,1,1,1,1,1,1,4,4,,coupled_ligand_charge_and_oxidation,N_O_only_coordination,O=C([O-])CN(CCN(CC(=O)[O-])CC(=O)O)CC(=O)[O-] || [O-][O-],O=C([O-])CN(CCN(CC(=O)[O-])CC(=O)O)CC(=O)[O-] || [O-][O-],O=C([O-])CN(CCN(CC(=O)[O-])CC(=O)O)CC(=O)[O-] || O=O,[Ti+4]12345(<-[O-][O-]->1)<-N(C([H])([H])C([H])([H])N->2(C([H])([H])C(O[H])=O)C([H])([H])C(=O)O3)(C([H])([H])C(=O)O4)C([H])([H])C(=O)O5,
WEQGEE,ok,1,1,1,1,1,1,3,3,,coupled_ligand_charge_and_oxidation,carbonyl_like,Fc1c(F)c(F)c([S-])c(F)c1F || [C-]#[O+] || [O-][O-] || c1ccc(P(c2ccccc2)c2ccccc2)cc1 || c1ccc(P(c2ccccc2)c2ccccc2)cc1,Fc1c(F)c(F)c([S-])c(F)c1F || [C-]#[O+] || [O-][O-] || c1ccc(P(c2ccccc2)c2ccccc2)cc1 || c1ccc(P(c2ccccc2)c2ccccc2)cc1,Fc1c(F)c(F)c([S-])c(F)c1F || O=O || [C-]#[O+] || c1ccc(P(c2ccccc2)c2ccccc2)cc1 || c1ccc(P(c2ccccc2)c2ccccc2)cc1,[Ir+3]1(<-P(c2c([H])c([H])c([H])c([H])c2[H])(c2c([H])c([H])c([H])c([H])c2[H])c2c([H])c([H])c([H])c([H])c2[H])(<-P(c2c([H])c([H])c([H])c([H])c2[H])(c2c([H])c([H])c([H])c([H])c2[H])c2c([H])c([H])c([H])c([H])c2[H])(Sc2c(F)c(F)c(F)c(F)c2F)(<-[C-]#[O+])<-[O-][O-]->1,
WEXFAI,ok,1,1,1,1,1,1,5,5,,coupled_ligand_charge_and_oxidation,N_O_only_coordination,O || O=C([O-])c1cccc(C(=O)[O-])n1 || [O-2] || [O-][O-],O || O=C([O-])c1cccc(C(=O)[O-])n1 || [O-2] || [O-][O-],O || O=C([O-])c1cccc(C(=O)[O-])n1 || O=O || [O-2],[V+5]123(=O)(<-[O-][O-]->1)(<-n1c(c([H])c([H])c([H])c1C(=O)O2)C(=O)O3)<-O([H])[H],
WIWQEA,ok,1,1,1,1,1,1,6,6,,coupled_ligand_charge_and_oxidation,N_O_only_coordination,[O-2] || [O-][O-] || [O-][O-] || c1ccc(-c2cc[nH]n2)nc1,[O-2] || [O-][O-] || [O-][O-] || c1ccc(-c2cc[nH]n2)nc1,O=O || O=O || [O-2] || c1ccc(-c2cc[nH]n2)nc1,[Mo+6]123(<-n4c(-c5c([H])c([H])c([H])c([H])n->15)c([H])c([H])n4[H])(<-[O-][O-]->2)(<-[O-][O-]->3)=O,
XACXAB,ok,1,1,1,1,1,1,2,2,,coupled_ligand_charge_and_oxidation,P_donor_no_M_C,CC12CC3(C)OC(C)(CC(C)(O1)P3c1ccccc1)O2 || CC12CC3(C)OC(C)(CC(C)(O1)P3c1ccccc1)O2 || [O-][O-],CC12CC3(C)OC(C)(CC(C)(O1)P3c1ccccc1)O2 || CC12CC3(C)OC(C)(CC(C)(O1)P3c1ccccc1)O2 || [O-][O-],CC12CC3(C)OC(C)(CC(C)(O1)P3c1ccccc1)O2 || CC12CC3(C)OC(C)(CC(C)(O1)P3c1ccccc1)O2 || O=O,[Pd+2]1(<-P2(c3c([H])c([H])c([H])c([H])c3[H])C3(C([H])([H])[H])OC4(C([H])([H])[H])OC(C([H])([H])[H])(OC2(C([H])([H])[H])C4([H])[H])C3([H])[H])(<-[O-][O-]->1)<-P1(c2c([H])c([H])c([H])c([H])c2[H])C2(C([H])([H])[H])OC3(C([H])([H])[H])OC(C([H])([H])[H])(OC1(C([H])([H])[H])C3([H])[H])C2([H])[H],
XAPJOO,ok,1,1,1,1,1,1,5,5,,coupled_ligand_charge_and_oxidation,N_O_only_coordination,[O-2] || [O-][O-] || c1ccc(CN(Cc2ccccn2)Cc2ccccn2)nc1,[O-2] || [O-][O-] || c1ccc(CN(Cc2ccccn2)Cc2ccccn2)nc1,O=O || [O-2] || c1ccc(CN(Cc2ccccn2)Cc2ccccn2)nc1,[V+5]1234(=O)(<-[O-][O-]->1)<-N(C(c1n->2c([H])c([H])c([H])c1[H])([H])[H])(C(c1n->3c([H])c([H])c([H])c1[H])([H])[H])C(c1n->4c([H])c([H])c([H])c1[H])([H])[H],
XATXAT,ok,1,1,1,1,1,1,3,3,,coupled_ligand_charge_and_oxidation,N_O_only_coordination,CN1CCN(C)CCN(C)CCN(C)CC1 || [O-][O-],CN1CCN(C)CCN(C)CCN(C)CC1 || [O-][O-],CN1CCN(C)CCN(C)CCN(C)CC1 || O=O,[Co+3]1234(<-[O-][O-]->1)<-N1(C([H])([H])[H])C([H])([H])C([H])([H])N->2(C([H])([H])[H])C([H])([H])C([H])([H])N->3(C([H])([H])[H])C([H])([H])C([H])([H])N->4(C([H])([H])[H])C([H])([H])C1([H])[H],
XATXOH,ok,1,1,1,1,1,1,3,3,,coupled_ligand_charge_and_oxidation,N_O_only_coordination,CN1CCCN(C)CCN(C)CCN(C)CC1 || [O-][O-],CN1CCCN(C)CCN(C)CCN(C)CC1 || [O-][O-],CN1CCCN(C)CCN(C)CCN(C)CC1 || O=O,[Co+3]1234(<-[O-][O-]->1)<-N1(C([H])([H])[H])C([H])([H])C([H])([H])C([H])([H])N->2(C([H])([H])[H])C([H])([H])C([H])([H])N->3(C([H])([H])[H])C([H])([H])C([H])([H])N->4(C([H])([H])[H])C([H])([H])C1([H])[H],
XIQSOH,ok,1,1,1,1,1,1,3,3,,coupled_ligand_charge_and_oxidation,P_donor_no_M_C,O=S(c1ccccc1P(c1ccccc1)c1ccccc1)c1ccccc1P(c1ccccc1)c1ccccc1 || [Cl-] || [O-][O-],O=S(c1ccccc1P(c1ccccc1)c1ccccc1)c1ccccc1P(c1ccccc1)c1ccccc1 || [Cl-] || [O-][O-],O=O || O=S(c1ccccc1P(c1ccccc1)c1ccccc1)c1ccccc1P(c1ccccc1)c1ccccc1 || [Cl-],[Ir+3]123(Cl)(<-S(=O)(c4c(P->1(c1c([H])c([H])c([H])c([H])c1[H])c1c([H])c([H])c([H])c([H])c1[H])c([H])c([H])c([H])c4[H])c1c(P->2(c2c([H])c([H])c([H])c([H])c2[H])c2c([H])c([H])c([H])c([H])c2[H])c([H])c([H])c([H])c1[H])<-[O-][O-]->3,
XIXFOC,ok,1,1,1,1,1,1,3,3,,coupled_ligand_charge_and_oxidation,haptic_or_adjacent_multi_C,C1=CCCC=CCC1 || O=C([O-])c1ccccn1 || [O-][O-],C1=CCCC=CCC1 || O=C([O-])c1ccccn1 || [O-][O-],C1=CCCC=CCC1 || O=C([O-])c1ccccn1 || O=O,[Ir+3]12345(<-[O-][O-]->1)(OC(=O)c1n->2c([H])c([H])c([H])c1[H])<-C1([H])=C->3([H])C([H])([H])C([H])([H])C->4([H])=C->5([H])C([H])([H])C1([H])[H],
XUZDEC,ok,1,1,1,1,1,1,5,5,,coupled_ligand_charge_and_oxidation,N_O_only_coordination,O=C([O-])CN(Cc1ccccn1)Cc1ccccn1 || [O-2] || [O-][O-],O=C([O-])CN(Cc1ccccn1)Cc1ccccn1 || [O-2] || [O-][O-],O=C([O-])CN(Cc1ccccn1)Cc1ccccn1 || O=O || [O-2],[V+5]1234(=O)(<-[O-][O-]->1)OC(=O)C(N->2(C(c1n->3c([H])c([H])c([H])c1[H])([H])[H])C(c1n->4c([H])c([H])c([H])c1[H])([H])[H])([H])[H],
YAMTEL,ok,1,1,0,1,1,1,0,0,,coupled_ligand_charge_and_oxidation,heterocyclic_carbene_like,[C-]#[O+] || [C-]#[O+] || [C-]#[O+] || [C-]#[O+] || c1ccc2c(c1)NCO2,[C-]#[O+] || [C-]#[O+] || [C-]#[O+] || [C-]#[O+] || [C]1Nc2ccccc2O1,[C-2]1Nc2ccccc2O1 || [C-]#[O+] || [C-]#[O+] || [C-]#[O+] || [C-]#[O+],[Fe](<-[C-]#[O+])(<-[C-]#[O+])(<-[C-]#[O+])(<-[C-]#[O+])<-C1Oc2c([H])c([H])c([H])c([H])c2N1[H],
YERYOJ,ok,1,1,1,1,1,1,6,6,,coupled_ligand_charge_and_oxidation,N_O_only_coordination,CCOC(=O)Cn1ccc(-c2ccccn2)n1 || [O-2] || [O-][O-] || [O-][O-],CCOC(=O)Cn1ccc(-c2ccccn2)n1 || [O-2] || [O-][O-] || [O-][O-],CCOC(=O)Cn1ccc(-c2ccccn2)n1 || O=O || O=O || [O-2],[Mo+6]123(=O)(<-[O-][O-]->1)(<-[O-][O-]->2)<-n1c([H])c([H])c([H])c([H])c1-c1c([H])c([H])n(C(C(=O)OC(C([H])([H])[H])([H])[H])([H])[H])n->31,
YEVWAX,ok,1,1,1,1,1,1,6,6,,coupled_ligand_charge_and_oxidation,N_O_only_coordination,O || [O-2] || [O-][O-] || [O-][O-] || c1cn[nH]c1,O || [O-2] || [O-][O-] || [O-][O-] || c1cn[nH]c1,O || O=O || O=O || [O-2] || c1cn[nH]c1,[Mo+6]12(<-[O-][O-]->1)(<-O([H])[H])(=O)(<-n1c([H])c([H])c([H])n1[H])<-[O-][O-]->2,
YIWCOX,ok,1,1,0,1,1,1,1,1,,coupled_ligand_charge_and_oxidation,heterocyclic_carbene_like,C=C1COCN1c1ccccc1 || [C-]#[O+] || [C-]#[O+] || [C-]#[O+] || c1ccc(-c2ccccn2)nc1,C=C1CO[C]N1c1ccccc1 || [C-]#[O+] || [C-]#[O+] || [C-]#[O+] || c1ccc(-c2ccccn2)nc1,C=C1CO[C-2]N1c1ccccc1 || [C-]#[O+] || [C-]#[O+] || [C-]#[O+] || c1ccc(-c2ccccn2)nc1,[Mn+]1(<-n2c([H])c([H])c([H])c([H])c2-c2n->1c([H])c([H])c([H])c2[H])(<-C1N(c2c([H])c([H])c([H])c([H])c2[H])C(=C([H])[H])C([H])([H])O1)(<-[C-]#[O+])(<-[C-]#[O+])<-[C-]#[O+],
ZAFWEI,ok,1,1,0,1,0,1,2,0,,coupled_ligand_charge_and_oxidation,heterocyclic_carbene_like,CN1[C-2]Oc2ccccc21 || [C-]#[O+] || [C-]#[O+] || [C-]#[O+] || [C-]#[O+] || c1ccc(P(c2ccccc2)c2ccccc2)cc1,CN1[C]Oc2ccccc21 || [C-]#[O+] || [C-]#[O+] || [C-]#[O+] || [C-]#[O+] || c1ccc(P(c2ccccc2)c2ccccc2)cc1,CN1[C-2]Oc2ccccc21 || [C-]#[O+] || [C-]#[O+] || [C-]#[O+] || [C-]#[O+] || c1ccc(P(c2ccccc2)c2ccccc2)cc1,[W+2](<-P(c1c([H])c([H])c([H])c([H])c1[H])(c1c([H])c([H])c([H])c([H])c1[H])c1c([H])c([H])c([H])c([H])c1[H])(=c1oc2c(n1C([H])([H])[H])c([H])c([H])c([H])c2[H])(<-[C-]#[O+])(<-[C-]#[O+])(<-[C-]#[O+])<-[C-]#[O+],
ZEDXAH,ok,1,1,1,1,1,1,6,6,,coupled_ligand_charge_and_oxidation,N_O_only_coordination,C=CCn1ccc(-c2ccccn2)n1 || [O-2] || [O-][O-] || [O-][O-],C=CCn1ccc(-c2ccccn2)n1 || [O-2] || [O-][O-] || [O-][O-],C=CCn1ccc(-c2ccccn2)n1 || O=O || O=O || [O-2],[Mo+6]123(=O)(<-[O-][O-]->1)(<-[O-][O-]->2)<-n1c([H])c([H])c([H])c([H])c1-c1n->3n(C(C(=C([H])[H])[H])([H])[H])c([H])c1[H],
ZEVGIS,ok,1,1,1,1,1,1,5,5,,coupled_ligand_charge_and_oxidation,N_O_only_coordination,O=C([O-])CN(Cc1c[nH]cn1)Cc1c[nH]cn1 || [O-2] || [O-][O-],O=C([O-])CN(Cc1c[nH]cn1)Cc1c[nH]cn1 || [O-2] || [O-][O-],O=C([O-])CN(Cc1c[nH]cn1)Cc1c[nH]cn1 || O=O || [O-2],[V+5]1234(=O)(<-[O-][O-]->1)OC(=O)C(N->2(C(c1n->3c([H])n([H])c1[H])([H])[H])C(c1n->4c([H])n([H])c1[H])([H])[H])([H])[H],
